image_name,annotation_index,class_name,class_id,x_min,y_min,x_max,y_max,box_width,box_height,image_width,image_height
RT_AL_02_14483871,0,porosity,3,33,207,3431,442,3398,235,3451,943
RT_AL_02_14487762,0,porosity,3,554,317,742,372,188,55,1280,720
RT_AL_02_14487769,0,porosity,3,477,328,520,385,43,57,1280,720
RT_AL_02_14487771,0,porosity,3,649,188,854,350,205,162,1280,720
RT_AL_02_14487771,1,porosity,3,297,287,363,444,66,157,1280,720
RT_AL_02_14487771,2,porosity,3,589,304,691,387,102,83,1280,720
RT_AL_02_14487771,3,porosity,3,1136,335,1209,402,73,67,1280,720
RT_AL_02_14487771,4,porosity,3,820,584,906,653,86,69,1280,720
RT_AL_02_14487779,0,porosity,3,151,163,217,230,66,67,1280,720
RT_AL_02_14487779,1,porosity,3,611,273,644,304,33,31,1280,720
RT_AL_02_14487779,2,porosity,3,594,284,678,389,84,105,1280,720
RT_AL_02_14487790,0,porosity,3,384,318,493,392,109,74,1280,720
RT_AL_02_14487790,1,porosity,3,706,186,751,206,45,20,1280,720
RT_AL_02_14487790,2,porosity,3,236,316,284,343,48,27,1280,720
RT_AL_02_14487794,0,porosity,3,583,310,696,377,113,67,1280,720
RT_AL_02_14487800,0,porosity,3,588,290,771,468,183,178,1280,720
RT_AL_02_14487800,1,porosity,3,991,381,1145,540,154,159,1280,720
RT_AL_02_14487800,2,porosity,3,112,285,235,383,123,98,1280,720
RT_AL_02_14487811,0,porosity,3,612,276,643,326,31,50,1280,720
RT_AL_02_14487811,1,porosity,3,626,333,656,382,30,49,1280,720
RT_AL_02_14487812,0,porosity,3,563,288,700,421,137,133,1280,720
RT_AL_02_14487814,0,porosity,3,604,343,664,377,60,34,1280,720
RT_AL_02_14487815,0,porosity,3,1120,277,1149,309,29,32,1280,720
RT_AL_02_14487815,1,porosity,3,1078,303,1117,348,39,45,1280,720
RT_AL_02_14487815,2,porosity,3,1087,504,1109,528,22,24,1280,720
RT_AL_02_14487815,3,porosity,3,847,249,905,299,58,50,1280,720
RT_AL_02_14487815,4,porosity,3,848,328,887,360,39,32,1280,720
RT_AL_02_14487815,5,porosity,3,627,328,683,375,56,47,1280,720
RT_AL_02_14487815,6,porosity,3,589,374,626,402,37,28,1280,720
RT_AL_02_14487815,7,porosity,3,568,282,623,361,55,79,1280,720
RT_AL_02_14487815,8,porosity,3,344,343,405,410,61,67,1280,720
RT_AL_02_14487815,9,porosity,3,35,313,103,343,68,30,1280,720
RT_AL_02_14487815,10,porosity,3,82,340,149,378,67,38,1280,720
RT_AL_02_14487815,11,porosity,3,28,372,117,407,89,35,1280,720
RT_AL_02_14487821,0,porosity,3,617,257,661,385,44,128,1280,720
RT_AL_02_14487822,0,porosity,3,616,340,674,377,58,37,1280,720
RT_AL_02_14487822,1,porosity,3,569,337,613,356,44,19,1280,720
RT_AL_02_14487829,0,porosity,3,988,199,1161,358,173,159,1280,720
RT_AL_02_14487829,1,porosity,3,591,255,773,405,182,150,1280,720
RT_AL_02_14487829,2,porosity,3,102,292,277,430,175,138,1280,720
RT_AL_02_14487845,0,porosity,3,584,308,679,403,95,95,1280,720
RT_AL_02_14487845,1,porosity,3,1005,335,1051,376,46,41,1280,720
RT_AL_02_14487873,0,porosity,3,577,304,786,422,209,118,1280,720
RT_AL_02_14487891,0,porosity,3,625,355,664,374,39,19,1280,720
RT_AL_02_14487891,1,porosity,3,930,34,961,50,31,16,1280,720
RT_AL_02_14487891,2,porosity,3,877,158,906,182,29,24,1280,720
RT_AL_02_14487891,3,porosity,3,748,617,798,641,50,24,1280,720
RT_AL_02_14487914,0,porosity,3,338,465,382,499,44,34,1280,720
RT_AL_02_14487914,1,porosity,3,586,495,624,522,38,27,1280,720
RT_AL_02_14487926,0,porosity,3,719,339,808,381,89,42,1280,720
RT_AL_02_14487926,1,porosity,3,286,355,383,406,97,51,1280,720
RT_AL_02_14487927,0,porosity,3,593,309,657,357,64,48,1280,720
RT_AL_02_14487941,0,porosity,3,753,172,795,210,42,38,1280,720
RT_AL_02_14487941,1,porosity,3,611,271,717,398,106,127,1280,720
RT_AL_02_14487996,0,porosity,3,586,286,708,402,122,116,1280,720
RT_AL_02_14488001,0,porosity,3,570,322,696,386,126,64,1280,720
RT_AL_02_14488006,0,porosity,3,605,319,680,387,75,68,1280,720
RT_AL_02_14488006,1,porosity,3,840,576,887,613,47,37,1280,720
RT_AL_02_14488006,2,porosity,3,801,569,834,655,33,86,1280,720
RT_AL_02_14488009,0,porosity,3,623,334,674,380,51,46,1280,720
RT_AL_02_14488012,0,porosity,3,977,241,1130,344,153,103,1280,720
RT_AL_02_14488012,1,porosity,3,572,309,693,426,121,117,1280,720
RT_AL_02_14488012,2,porosity,3,90,335,234,460,144,125,1280,720
RT_AL_02_14488023,0,porosity,3,588,333,663,372,75,39,1280,720
RT_AL_02_14488023,1,porosity,3,1086,206,1176,229,90,23,1280,720
RT_AL_02_14488032,0,porosity,3,326,256,356,305,30,49,1280,720
RT_AL_02_14488032,1,porosity,3,706,443,738,468,32,25,1280,720
RT_AL_02_14488032,2,porosity,3,839,227,863,246,24,19,1280,720
RT_AL_02_14488033,0,porosity,3,1028,276,1071,308,43,32,1280,720
RT_AL_02_14488033,1,porosity,3,82,320,154,411,72,91,1280,720
RT_AL_02_14488033,2,porosity,3,845,388,894,445,49,57,1280,720
RT_AL_02_14488036,0,porosity,3,608,318,681,380,73,62,1280,720
RT_AL_02_14488048,0,porosity,3,682,27,774,74,92,47,1280,720
RT_AL_02_14488048,1,porosity,3,633,36,673,70,40,34,1280,720
RT_AL_02_14488048,2,porosity,3,516,26,565,58,49,32,1280,720
RT_AL_02_14488048,3,porosity,3,477,5,510,41,33,36,1280,720
RT_AL_02_14488048,4,porosity,3,287,6,354,49,67,43,1280,720
RT_AL_02_14488048,5,porosity,3,48,32,84,81,36,49,1280,720
RT_AL_02_14488048,6,porosity,3,613,329,664,375,51,46,1280,720
RT_AL_02_14488048,7,porosity,3,664,426,696,445,32,19,1280,720
RT_AL_02_14488048,8,porosity,3,641,424,700,520,59,96,1280,720
RT_AL_02_14488048,9,porosity,3,627,625,658,649,31,24,1280,720
RT_AL_02_14488062,0,porosity,3,672,251,744,287,72,36,1280,720
RT_AL_02_14488062,1,porosity,3,707,457,727,481,20,24,1280,720
RT_AL_02_14488062,2,porosity,3,729,580,775,604,46,24,1280,720
RT_AL_02_14488062,3,porosity,3,176,638,213,664,37,26,1280,720
RT_AL_02_14488068,0,porosity,3,589,307,671,383,82,76,1280,720
RT_AL_02_14488068,1,porosity,3,483,653,517,691,34,38,1280,720
RT_AL_02_14488068,2,porosity,3,475,26,517,50,42,24,1280,720
RT_AL_02_14488068,3,porosity,3,342,28,362,52,20,24,1280,720
RT_AL_02_14488069,0,porosity,3,1060,273,1147,332,87,59,1280,720
RT_AL_02_14488069,1,porosity,3,598,331,718,392,120,61,1280,720
RT_AL_02_14488080,0,porosity,3,567,299,685,406,118,107,1280,720
RT_AL_02_14488091,0,porosity,3,629,348,654,371,25,23,1280,720
RT_AL_02_14488097,0,porosity,3,622,337,649,368,27,31,1280,720
RT_AL_02_14488112,0,porosity,3,543,332,569,366,26,34,1280,720
RT_AL_02_14488136,0,porosity,3,589,317,699,403,110,86,1280,720
RT_AL_02_14488155,0,porosity,3,863,196,893,227,30,31,1280,720
RT_AL_02_14488155,1,porosity,3,587,293,730,386,143,93,1280,720
RT_AL_02_14488176,0,porosity,3,581,310,661,394,80,84,1280,720
RT_AL_02_14488184,0,porosity,3,856,341,875,362,19,21,1280,720
RT_AL_02_14488184,1,porosity,3,576,311,680,407,104,96,1280,720
RT_AL_02_14488193,0,porosity,3,1059,264,1154,330,95,66,1280,720
RT_AL_02_14488193,1,porosity,3,585,299,702,373,117,74,1280,720
RT_AL_02_14488198,0,porosity,3,589,308,676,384,87,76,1280,720
RT_AL_02_14488212,0,porosity,3,632,314,705,389,73,75,1280,720
RT_AL_02_14488218,0,porosity,3,312,340,361,373,49,33,1280,720
RT_AL_02_14488218,1,porosity,3,512,216,551,242,39,26,1280,720
RT_AL_02_14488218,2,porosity,3,230,247,289,279,59,32,1280,720
RT_AL_02_14488218,3,porosity,3,30,395,70,424,40,29,1280,720
RT_AL_02_14488218,4,porosity,3,28,454,66,474,38,20,1280,720
RT_AL_02_14488218,5,porosity,3,541,334,583,375,42,41,1280,720
RT_AL_02_14488218,6,porosity,3,924,78,957,101,33,23,1280,720
RT_AL_02_14488218,7,porosity,3,693,290,737,317,44,27,1280,720
RT_AL_02_14488222,0,porosity,3,609,329,666,379,57,50,1280,720
RT_AL_02_14488222,1,porosity,3,957,397,1008,437,51,40,1280,720
RT_AL_02_14488270,0,porosity,3,394,290,478,375,84,85,1280,720
RT_AL_02_14488270,1,porosity,3,611,316,690,389,79,73,1280,720
RT_AL_02_14488272,0,porosity,3,57,50,77,70,20,20,1280,720
RT_AL_02_14488272,1,porosity,3,295,12,323,42,28,30,1280,720
RT_AL_02_14488272,2,porosity,3,472,13,509,44,37,31,1280,720
RT_AL_02_14488272,3,porosity,3,526,19,561,50,35,31,1280,720
RT_AL_02_14488272,4,porosity,3,633,35,678,71,45,36,1280,720
RT_AL_02_14488272,5,porosity,3,686,23,732,67,46,44,1280,720
RT_AL_02_14488272,6,porosity,3,749,48,772,75,23,27,1280,720
RT_AL_02_14488272,7,porosity,3,615,338,654,373,39,35,1280,720
RT_AL_02_14488272,8,porosity,3,665,423,697,446,32,23,1280,720
RT_AL_02_14488272,9,porosity,3,644,435,673,490,29,55,1280,720
RT_AL_02_14488272,10,porosity,3,626,628,654,649,28,21,1280,720
RT_AL_02_14488285,0,porosity,3,590,317,672,394,82,77,1280,720
RT_AL_02_14488306,0,porosity,3,565,276,707,430,142,154,1280,720
RT_AL_02_14488324,0,porosity,3,598,304,629,375,31,71,1280,720
RT_AL_02_14488328,0,porosity,3,635,326,665,394,30,68,1280,720
RT_AL_02_14488328,1,porosity,3,1020,57,1058,103,38,46,1280,720
RT_AL_02_14488343,0,porosity,3,611,356,645,372,34,16,1280,720
RT_AL_02_14488368,0,porosity,3,699,17,762,56,63,39,1280,720
RT_AL_02_14488368,1,porosity,3,610,340,650,374,40,34,1280,720
RT_AL_02_14488368,2,porosity,3,487,330,519,358,32,28,1280,720
RT_AL_02_14488368,3,porosity,3,577,515,604,544,27,29,1280,720
RT_AL_02_14488368,4,porosity,3,489,531,519,557,30,26,1280,720
RT_AL_02_14488368,5,porosity,3,485,636,503,656,18,20,1280,720
RT_AL_02_14488368,6,porosity,3,1183,250,1211,284,28,34,1280,720
RT_AL_02_14488379,0,porosity,3,956,347,1026,397,70,50,1280,720
RT_AL_02_14488379,1,porosity,3,623,338,676,373,53,35,1280,720
RT_AL_02_14488379,2,porosity,3,275,348,314,378,39,30,1280,720
RT_AL_02_14488384,0,porosity,3,606,349,677,380,71,31,1280,720
RT_AL_02_14488384,1,porosity,3,453,324,485,359,32,35,1280,720
RT_AL_02_14488384,2,porosity,3,154,531,177,558,23,27,1280,720
RT_AL_02_14488402,0,porosity,3,565,324,645,374,80,50,1280,720
RT_AL_02_14488422,0,porosity,3,607,347,680,384,73,37,1280,720
RT_AL_02_14488422,1,porosity,3,423,218,508,249,85,31,1280,720
RT_AL_02_14488422,2,porosity,3,1115,490,1146,511,31,21,1280,720
RT_AL_02_14488432,0,porosity,3,575,336,695,398,120,62,1280,720
RT_AL_02_14488432,1,porosity,3,739,317,834,359,95,42,1280,720
RT_AL_02_14488461,0,porosity,3,559,316,700,398,141,82,1280,720
RT_AL_02_14488466,0,porosity,3,386,573,449,616,63,43,1280,720
RT_AL_02_14488480,0,porosity,3,602,324,677,384,75,60,1280,720
RT_AL_02_14488486,0,porosity,3,890,200,924,225,34,25,1280,720
RT_AL_02_14488486,1,porosity,3,629,345,658,383,29,38,1280,720
RT_AL_02_14488488,0,porosity,3,582,305,699,386,117,81,1280,720
RT_AL_02_14488488,1,porosity,3,1129,327,1179,377,50,50,1280,720
RT_AL_02_14488506,0,porosity,3,603,320,655,382,52,62,1280,720
RT_AL_02_14488506,1,porosity,3,837,519,855,537,18,18,1280,720
RT_AL_02_14488506,2,porosity,3,399,645,445,678,46,33,1280,720
RT_AL_02_14488506,3,porosity,3,128,176,150,203,22,27,1280,720
RT_AL_02_14488506,4,porosity,3,407,49,433,66,26,17,1280,720
RT_AL_02_14488509,0,porosity,3,532,312,717,414,185,102,1280,720
RT_AL_02_14488533,0,porosity,3,589,337,679,406,90,69,1280,720
RT_AL_02_14488543,0,porosity,3,610,314,657,380,47,66,1280,720
RT_AL_02_14488543,1,porosity,3,604,282,637,317,33,35,1280,720
RT_AL_02_14488543,2,porosity,3,579,365,611,401,32,36,1280,720
RT_AL_02_14488543,3,porosity,3,166,173,220,222,54,49,1280,720
RT_AL_02_14488570,0,porosity,3,617,354,689,386,72,32,1280,720
RT_AL_02_14488582,0,porosity,3,597,324,651,394,54,70,1280,720
RT_AL_02_14488582,1,porosity,3,396,233,424,257,28,24,1280,720
RT_AL_02_14488584,0,porosity,3,643,351,660,373,17,22,1280,720
RT_AL_02_14488584,1,porosity,3,586,538,604,571,18,33,1280,720
RT_AL_02_14488584,2,porosity,3,528,542,547,573,19,31,1280,720
RT_AL_02_14488590,0,porosity,3,584,327,713,417,129,90,1280,720
RT_AL_02_14488600,0,porosity,3,153,309,176,336,23,27,1280,720
RT_AL_02_14488600,1,porosity,3,106,348,118,390,12,42,1280,720
RT_AL_02_14488600,2,porosity,3,170,277,183,290,13,13,1280,720
RT_AL_02_14488606,0,porosity,3,354,584,376,598,22,14,1280,720
RT_AL_02_14488606,1,porosity,3,646,135,679,173,33,38,1280,720
RT_AL_02_14488621,0,porosity,3,167,315,207,360,40,45,1280,720
RT_AL_02_14488621,1,porosity,3,561,310,706,393,145,83,1280,720
RT_AL_02_14488625,0,porosity,3,987,125,1013,155,26,30,1280,720
RT_AL_02_14488625,1,porosity,3,367,318,465,402,98,84,1280,720
RT_AL_02_14488626,0,porosity,3,1232,230,1257,257,25,27,1280,720
RT_AL_02_14488626,1,porosity,3,1223,258,1239,297,16,39,1280,720
RT_AL_02_14488626,2,porosity,3,1193,275,1217,302,24,27,1280,720
RT_AL_02_14488626,3,porosity,3,1175,292,1198,318,23,26,1280,720
RT_AL_02_14488626,4,porosity,3,1204,339,1228,353,24,14,1280,720
RT_AL_02_14488626,5,porosity,3,1133,277,1155,316,22,39,1280,720
RT_AL_02_14488626,6,porosity,3,1159,257,1187,281,28,24,1280,720
RT_AL_02_14488626,7,porosity,3,1042,414,1069,443,27,29,1280,720
RT_AL_02_14488626,8,porosity,3,840,266,919,364,79,98,1280,720
RT_AL_02_14488626,9,porosity,3,592,323,690,391,98,68,1280,720
RT_AL_02_14488626,10,porosity,3,34,370,106,431,72,61,1280,720
RT_AL_02_14488661,0,porosity,3,862,396,1027,502,165,106,1280,720
RT_AL_02_14488661,1,porosity,3,569,320,717,458,148,138,1280,720
RT_AL_02_14488663,0,porosity,3,542,312,681,422,139,110,1280,720
RT_AL_02_14488665,0,porosity,3,615,342,667,371,52,29,1280,720
RT_AL_02_14488682,0,porosity,3,1093,285,1231,395,138,110,1280,720
RT_AL_02_14488682,1,porosity,3,395,402,509,506,114,104,1280,720
RT_AL_02_14488682,2,slag_inclusion,4,558,316,741,397,183,81,1280,720
RT_AL_02_14488683,0,porosity,3,153,314,170,337,17,23,1280,720
RT_AL_02_14488683,1,porosity,3,105,352,121,400,16,48,1280,720
RT_AL_02_14488690,0,porosity,3,765,241,845,328,80,87,1280,720
RT_AL_02_14488690,1,porosity,3,559,323,711,397,152,74,1280,720
RT_AL_02_14488690,2,porosity,3,134,205,203,277,69,72,1280,720
RT_AL_02_14488700,0,porosity,3,869,272,967,348,98,76,1280,720
RT_AL_02_14488700,1,porosity,3,468,221,542,290,74,69,1280,720
RT_AL_02_14488700,2,porosity,3,394,307,500,409,106,102,1280,720
RT_AL_02_14488705,0,porosity,3,608,339,652,381,44,42,1280,720
RT_AL_02_14488716,0,porosity,3,621,344,653,377,32,33,1280,720
RT_AL_02_14488733,0,porosity,3,608,332,666,362,58,30,1280,720
RT_AL_02_14488733,1,porosity,3,1206,297,1231,313,25,16,1280,720
RT_AL_02_14488745,0,porosity,3,501,328,549,373,48,45,1280,720
RT_AL_02_14488745,1,porosity,3,137,351,168,378,31,27,1280,720
RT_AL_02_14488745,2,porosity,3,769,136,813,161,44,25,1280,720
RT_AL_02_14488749,0,porosity,3,599,344,691,376,92,32,1280,720
RT_AL_02_14488749,1,porosity,3,369,450,467,507,98,57,1280,720
RT_AL_02_14488749,2,porosity,3,228,437,346,504,118,67,1280,720
RT_AL_02_14488767,0,porosity,3,243,613,280,653,37,40,1280,720
RT_AL_02_14488767,1,porosity,3,1199,516,1234,551,35,35,1280,720
RT_AL_02_14488767,2,porosity,3,611,338,650,379,39,41,1280,720
RT_AL_02_14488779,0,porosity,3,595,299,683,413,88,114,1280,720
RT_AL_02_14488786,0,porosity,3,538,327,700,398,162,71,1280,720
RT_AL_02_14488795,0,porosity,3,575,307,756,417,181,110,1280,720
RT_AL_02_14488809,0,porosity,3,634,351,658,372,24,21,1280,720
RT_AL_02_14488813,0,porosity,3,622,356,644,367,22,11,1280,720
RT_AL_02_14488830,0,porosity,3,1155,240,1257,352,102,112,1280,720
RT_AL_02_14488830,1,porosity,3,986,241,1120,336,134,95,1280,720
RT_AL_02_14488830,2,porosity,3,581,282,724,435,143,153,1280,720
RT_AL_02_14488830,3,porosity,3,74,346,171,407,97,61,1280,720
RT_AL_02_14488830,4,porosity,3,229,282,356,424,127,142,1280,720
RT_AL_02_14488847,0,porosity,3,585,328,689,509,104,181,1280,720
RT_AL_02_14488854,0,porosity,3,585,316,679,396,94,80,1280,720
RT_AL_02_14488857,0,porosity,3,488,103,503,135,15,32,1280,720
RT_AL_02_14488857,1,porosity,3,625,337,638,364,13,27,1280,720
RT_AL_02_14488857,2,porosity,3,746,426,759,461,13,35,1280,720
RT_AL_02_14488857,3,porosity,3,836,466,846,481,10,15,1280,720
RT_AL_02_14488858,0,porosity,3,1154,330,1193,375,39,45,1280,720
RT_AL_02_14488858,1,porosity,3,923,156,941,176,18,20,1280,720
RT_AL_02_14488858,2,porosity,3,862,189,889,217,27,28,1280,720
RT_AL_02_14488858,3,porosity,3,606,338,662,379,56,41,1280,720
RT_AL_02_14488858,4,porosity,3,491,317,519,355,28,38,1280,720
RT_AL_02_14488858,5,porosity,3,327,322,363,346,36,24,1280,720
RT_AL_02_14488858,6,porosity,3,63,315,100,356,37,41,1280,720
RT_AL_02_14488878,0,porosity,3,1129,344,1252,427,123,83,1280,720
RT_AL_02_14488878,1,porosity,3,594,316,679,379,85,63,1280,720
RT_AL_02_14488878,2,porosity,3,38,330,206,434,168,104,1280,720
RT_AL_02_14488902,0,porosity,3,406,108,429,153,23,45,1280,720
RT_AL_02_14488902,1,porosity,3,535,210,563,233,28,23,1280,720
RT_AL_02_14488902,2,porosity,3,620,109,642,128,22,19,1280,720
RT_AL_02_14488902,3,porosity,3,682,348,703,380,21,32,1280,720
RT_AL_02_14488913,0,porosity,3,910,497,950,534,40,37,1280,720
RT_AL_02_14488920,0,porosity,3,924,337,956,370,32,33,1280,720
RT_AL_02_14488920,1,porosity,3,604,337,669,376,65,39,1280,720
RT_AL_02_14488925,0,porosity,3,455,292,576,336,121,44,1280,720
RT_AL_02_14488925,1,porosity,3,592,307,695,353,103,46,1280,720
RT_AL_02_14488936,0,porosity,3,587,334,725,383,138,49,1280,720
RT_AL_02_14488939,0,porosity,3,575,339,718,392,143,53,1280,720
RT_AL_02_14488967,0,porosity,3,156,314,261,372,105,58,1280,720
RT_AL_02_14488967,1,porosity,3,567,314,730,384,163,70,1280,720
RT_AL_02_14488984,0,porosity,3,571,272,737,357,166,85,1280,720
RT_AL_02_14488984,1,porosity,3,260,300,366,412,106,112,1280,720
RT_AL_02_14488984,2,porosity,3,124,327,236,386,112,59,1280,720
RT_AL_02_14488988,0,porosity,3,802,308,870,388,68,80,1280,720
RT_AL_02_14488988,1,porosity,3,618,344,662,376,44,32,1280,720
RT_AL_02_14488988,2,porosity,3,1159,322,1209,349,50,27,1280,720
RT_AL_02_14488988,3,porosity,3,157,277,199,297,42,20,1280,720
RT_AL_02_14488988,4,porosity,3,405,256,433,285,28,29,1280,720
RT_AL_02_14488988,5,porosity,3,51,290,105,321,54,31,1280,720
RT_AL_02_14489005,0,porosity,3,316,327,400,386,84,59,1280,720
RT_AL_02_14489020,0,porosity,3,665,477,925,583,260,106,1280,720
RT_AL_02_14489020,1,porosity,3,609,341,675,380,66,39,1280,720
RT_AL_02_14489020,2,porosity,3,13,68,126,121,113,53,1280,720
RT_AL_02_14489030,0,porosity,3,606,316,697,395,91,79,1280,720
RT_AL_02_14489033,0,porosity,3,633,354,649,371,16,17,1280,720
RT_AL_02_14489033,1,porosity,3,377,110,394,143,17,33,1280,720
RT_AL_02_14489033,2,porosity,3,676,630,692,657,16,27,1280,720
RT_AL_02_14489033,3,porosity,3,616,619,636,668,20,49,1280,720
RT_AL_02_14489043,0,porosity,3,1018,452,1041,468,23,16,1280,720
RT_AL_02_14489043,1,porosity,3,988,454,1010,473,22,19,1280,720
RT_AL_02_14489043,2,porosity,3,634,350,651,369,17,19,1280,720
RT_AL_02_14489043,3,porosity,3,369,478,394,499,25,21,1280,720
RT_AL_02_14489044,0,porosity,3,1088,109,1117,155,29,46,1280,720
RT_AL_02_14489044,1,porosity,3,241,180,276,206,35,26,1280,720
RT_AL_02_14489044,2,porosity,3,92,503,109,531,17,28,1280,720
RT_AL_02_14489051,0,porosity,3,623,342,655,377,32,35,1280,720
RT_AL_02_14489051,1,porosity,3,1149,375,1173,404,24,29,1280,720
RT_AL_02_14489051,2,porosity,3,250,594,276,628,26,34,1280,720
RT_AL_02_14489063,0,porosity,3,594,323,668,380,74,57,1280,720
RT_AL_02_14489063,1,porosity,3,407,246,468,333,61,87,1280,720
RT_AL_02_14489072,0,porosity,3,611,323,675,391,64,68,1280,720
RT_AL_02_14489098,0,porosity,3,875,340,896,361,21,21,1280,720
RT_AL_02_14489098,1,porosity,3,998,284,1014,303,16,19,1280,720
RT_AL_02_14489098,2,porosity,3,984,374,1010,410,26,36,1280,720
RT_AL_02_14489098,3,porosity,3,1221,227,1241,246,20,19,1280,720
RT_AL_02_14489098,4,porosity,3,630,342,661,379,31,37,1280,720
RT_AL_02_14489098,5,porosity,3,499,347,516,363,17,16,1280,720
RT_AL_02_14489098,6,porosity,3,450,336,478,373,28,37,1280,720
RT_AL_02_14489098,7,porosity,3,285,341,328,377,43,36,1280,720
RT_AL_02_14489115,0,porosity,3,215,317,327,413,112,96,1280,720
RT_AL_02_14489115,1,porosity,3,583,281,699,425,116,144,1280,720
RT_AL_02_14489115,2,porosity,3,1023,365,1103,453,80,88,1280,720
RT_AL_02_14489115,3,porosity,3,1171,357,1255,449,84,92,1280,720
RT_AL_02_14489126,0,porosity,3,608,321,685,371,77,50,1280,720
RT_AL_02_14489137,0,porosity,3,1050,365,1097,382,47,17,1280,720
RT_AL_02_14489156,0,porosity,3,591,322,676,407,85,85,1280,720
RT_AL_02_14489158,0,porosity,3,1070,332,1124,377,54,45,1280,720
RT_AL_02_14489158,1,porosity,3,473,230,517,271,44,41,1280,720
RT_AL_02_14489171,0,porosity,3,581,315,690,416,109,101,1280,720
RT_AL_02_14489171,1,porosity,3,279,82,352,188,73,106,1280,720
RT_AL_02_14489175,0,porosity,3,583,302,684,404,101,102,1280,720
RT_AL_02_14489182,0,porosity,3,607,301,716,369,109,68,1280,720
RT_AL_02_14489189,0,porosity,3,1115,331,1176,372,61,41,1280,720
RT_AL_02_14489189,1,porosity,3,1121,384,1189,422,68,38,1280,720
RT_AL_02_14489189,2,porosity,3,1045,315,1103,352,58,37,1280,720
RT_AL_02_14489189,3,porosity,3,978,318,997,337,19,19,1280,720
RT_AL_02_14489189,4,porosity,3,973,341,998,367,25,26,1280,720
RT_AL_02_14489189,5,porosity,3,947,333,969,353,22,20,1280,720
RT_AL_02_14489189,6,porosity,3,867,335,899,360,32,25,1280,720
RT_AL_02_14489189,7,porosity,3,845,328,861,355,16,27,1280,720
RT_AL_02_14489189,8,porosity,3,756,338,785,360,29,22,1280,720
RT_AL_02_14489189,9,porosity,3,719,341,736,362,17,21,1280,720
RT_AL_02_14489189,10,porosity,3,624,341,648,371,24,30,1280,720
RT_AL_02_14489189,11,porosity,3,629,380,660,397,31,17,1280,720
RT_AL_02_14489189,12,porosity,3,568,351,586,371,18,20,1280,720
RT_AL_02_14489189,13,porosity,3,446,332,487,380,41,48,1280,720
RT_AL_02_14489189,14,porosity,3,387,343,431,375,44,32,1280,720
RT_AL_02_14489189,15,porosity,3,296,324,338,356,42,32,1280,720
RT_AL_02_14489189,16,porosity,3,339,345,353,359,14,14,1280,720
RT_AL_02_14489189,17,porosity,3,302,309,326,322,24,13,1280,720
RT_AL_02_14489189,18,porosity,3,173,314,222,344,49,30,1280,720
RT_AL_02_14489189,19,porosity,3,123,324,150,359,27,35,1280,720
RT_AL_02_14489189,20,porosity,3,161,359,193,382,32,23,1280,720
RT_AL_02_14489189,21,porosity,3,28,376,69,420,41,44,1280,720
RT_AL_02_14489189,22,porosity,3,0,320,32,346,32,26,1280,720
RT_AL_02_14489189,23,porosity,3,32,312,65,344,33,32,1280,720
RT_AL_02_14489193,0,porosity,3,1019,519,1068,587,49,68,1280,720
RT_AL_02_14489193,1,porosity,3,633,334,673,353,40,19,1280,720
RT_AL_02_14489194,0,porosity,3,112,392,131,416,19,24,1280,720
RT_AL_02_14489195,0,porosity,3,359,316,489,428,130,112,1280,720
RT_AL_02_14489201,0,porosity,3,762,87,782,116,20,29,1280,720
RT_AL_02_14489201,1,porosity,3,1144,142,1158,178,14,36,1280,720
RT_AL_02_14489201,2,porosity,3,941,257,949,288,8,31,1280,720
RT_AL_02_14489201,3,porosity,3,634,242,655,283,21,41,1280,720
RT_AL_02_14489201,4,porosity,3,522,308,541,325,19,17,1280,720
RT_AL_02_14489201,5,porosity,3,128,396,146,417,18,21,1280,720
RT_AL_02_14489201,6,porosity,3,272,687,291,715,19,28,1280,720
RT_AL_02_14489201,7,porosity,3,723,675,741,703,18,28,1280,720
RT_AL_02_14489222,0,porosity,3,726,329,822,383,96,54,1280,720
RT_AL_02_14489222,1,porosity,3,628,340,681,380,53,40,1280,720
RT_AL_02_14489222,2,porosity,3,177,9,232,46,55,37,1280,720
RT_AL_02_14489222,3,porosity,3,122,442,167,457,45,15,1280,720
RT_AL_02_14489225,0,porosity,3,1111,375,1170,435,59,60,1280,720
RT_AL_02_14489225,1,porosity,3,1027,360,1083,407,56,47,1280,720
RT_AL_02_14489225,2,porosity,3,830,383,903,420,73,37,1280,720
RT_AL_02_14489225,3,porosity,3,763,379,793,411,30,32,1280,720
RT_AL_02_14489225,4,porosity,3,605,345,669,378,64,33,1280,720
RT_AL_02_14489225,5,porosity,3,323,354,460,401,137,47,1280,720
RT_AL_02_14489225,6,porosity,3,150,372,202,412,52,40,1280,720
RT_AL_02_14489225,7,porosity,3,223,361,262,393,39,32,1280,720
RT_AL_02_14489231,0,porosity,3,572,286,690,378,118,92,1280,720
RT_AL_02_14489237,0,porosity,3,272,358,300,373,28,15,1280,720
RT_AL_02_14489251,0,porosity,3,511,333,710,394,199,61,1280,720
RT_AL_02_14489265,0,porosity,3,602,317,661,370,59,53,1280,720
RT_AL_02_14489269,0,porosity,3,623,356,654,373,31,17,1280,720
RT_AL_02_14489312,0,porosity,3,547,335,569,365,22,30,1280,720
RT_AL_02_14489318,0,porosity,3,556,330,671,384,115,54,1280,720
RT_AL_02_14489340,0,porosity,3,572,290,682,413,110,123,1280,720
RT_AL_02_14489357,0,porosity,3,1081,361,1134,405,53,44,1280,720
RT_AL_02_14489357,1,porosity,3,580,307,668,367,88,60,1280,720
RT_AL_02_14489357,2,porosity,3,161,357,228,422,67,65,1280,720
RT_AL_02_14489419,0,porosity,3,1225,530,1243,546,18,16,1280,720
RT_AL_02_14489419,1,porosity,3,631,344,655,372,24,28,1280,720
RT_AL_02_14489419,2,porosity,3,248,617,281,652,33,35,1280,720
RT_AL_02_14489420,0,porosity,3,985,270,1108,353,123,83,1280,720
RT_AL_02_14489420,1,porosity,3,513,337,615,406,102,69,1280,720
RT_AL_02_14489421,0,porosity,3,643,343,663,374,20,31,1280,720
RT_AL_02_14489421,1,porosity,3,578,270,596,311,18,41,1280,720
RT_AL_02_14489446,0,porosity,3,822,336,837,381,15,45,1280,720
RT_AL_02_14489453,0,porosity,3,640,347,658,362,18,15,1280,720
RT_AL_02_14489465,0,porosity,3,582,317,686,405,104,88,1280,720
RT_AL_02_14489481,0,porosity,3,593,328,700,396,107,68,1280,720
RT_AL_02_14489518,0,porosity,3,635,347,649,366,14,19,1280,720
RT_AL_02_14489518,1,porosity,3,406,438,427,474,21,36,1280,720
RT_AL_02_14489518,2,porosity,3,377,432,402,461,25,29,1280,720
RT_AL_02_14489520,0,porosity,3,614,337,652,391,38,54,1280,720
RT_AL_02_14489520,1,porosity,3,355,578,368,595,13,17,1280,720
RT_AL_02_14489520,2,porosity,3,330,601,346,638,16,37,1280,720
RT_AL_02_14489529,0,porosity,3,569,116,687,212,118,96,1280,720
RT_AL_02_14489534,0,porosity,3,525,310,751,451,226,141,1280,720
RT_AL_02_14489564,0,porosity,3,619,338,663,384,44,46,1280,720
RT_AL_02_14489567,0,porosity,3,607,341,642,383,35,42,1280,720
RT_AL_02_14489578,0,porosity,3,593,324,713,370,120,46,1280,720
RT_AL_02_14489579,0,porosity,3,604,350,670,388,66,38,1280,720
RT_AL_02_14489597,0,porosity,3,613,354,642,377,29,23,1280,720
RT_AL_02_14489599,0,porosity,3,598,340,700,415,102,75,1280,720
RT_AL_02_14489609,0,porosity,3,608,330,693,381,85,51,1280,720
RT_AL_02_14489610,0,porosity,3,697,310,767,380,70,70,1280,720
RT_AL_02_14489610,1,porosity,3,609,326,673,374,64,48,1280,720
RT_AL_02_14489610,2,porosity,3,299,270,394,353,95,83,1280,720
RT_AL_02_14489610,3,porosity,3,68,291,142,363,74,72,1280,720
RT_AL_02_14489612,0,porosity,3,580,316,656,394,76,78,1280,720
RT_AL_02_14489622,0,porosity,3,629,290,664,322,35,32,1280,720
RT_AL_02_14489622,1,porosity,3,595,360,618,387,23,27,1280,720
RT_AL_02_14489631,0,porosity,3,393,298,554,389,161,91,1280,720
RT_AL_02_14489648,0,porosity,3,9,292,51,321,42,29,1280,720
RT_AL_02_14489648,1,porosity,3,55,287,89,317,34,30,1280,720
RT_AL_02_14489648,2,porosity,3,98,266,148,308,50,42,1280,720
RT_AL_02_14489648,3,porosity,3,158,268,203,292,45,24,1280,720
RT_AL_02_14489648,4,porosity,3,365,257,445,327,80,70,1280,720
RT_AL_02_14489648,5,porosity,3,569,315,624,371,55,56,1280,720
RT_AL_02_14489648,6,porosity,3,622,332,692,389,70,57,1280,720
RT_AL_02_14489648,7,porosity,3,707,354,754,391,47,37,1280,720
RT_AL_02_14489648,8,porosity,3,795,319,873,389,78,70,1280,720
RT_AL_02_14489648,9,porosity,3,1158,313,1211,350,53,37,1280,720
RT_AL_02_14489648,10,porosity,3,1210,334,1262,371,52,37,1280,720
RT_AL_02_14489687,0,porosity,3,59,334,200,398,141,64,1280,720
RT_AL_02_14489687,1,porosity,3,609,330,663,380,54,50,1280,720
RT_AL_02_14489691,0,porosity,3,570,308,705,415,135,107,1280,720
RT_AL_02_14489691,1,porosity,3,1071,391,1134,424,63,33,1280,720
RT_AL_02_14489692,0,porosity,3,510,290,693,416,183,126,1280,720
RT_AL_02_14489712,0,porosity,3,958,282,989,318,31,36,1280,720
RT_AL_02_14489712,1,porosity,3,1070,214,1102,248,32,34,1280,720
RT_AL_02_14489712,2,porosity,3,551,435,600,496,49,61,1280,720
RT_AL_02_14489712,3,porosity,3,716,354,757,386,41,32,1280,720
RT_AL_02_14489744,0,porosity,3,83,324,147,388,64,64,1280,720
RT_AL_02_14489744,1,porosity,3,239,296,331,392,92,96,1280,720
RT_AL_02_14489744,2,porosity,3,591,296,687,412,96,116,1280,720
RT_AL_02_14489744,3,porosity,3,1019,260,1115,340,96,80,1280,720
RT_AL_02_14489744,4,porosity,3,1159,260,1251,360,92,100,1280,720
RT_AL_02_14489790,0,porosity,3,233,497,272,542,39,45,1280,720
RT_AL_02_14489790,1,porosity,3,360,485,404,527,44,42,1280,720
RT_AL_02_14489790,2,porosity,3,619,349,652,373,33,24,1280,720
RT_AL_02_14489798,0,porosity,3,441,357,465,374,24,17,1280,720
RT_AL_02_14489798,1,porosity,3,657,413,668,427,11,14,1280,720
RT_AL_02_14489805,0,porosity,3,752,324,801,394,49,70,1280,720
RT_AL_02_14489805,1,porosity,3,563,305,687,401,124,96,1280,720
RT_AL_02_14489823,0,porosity,3,1037,313,1200,418,163,105,1280,720
RT_AL_02_14489823,1,porosity,3,604,323,679,376,75,53,1280,720
RT_AL_02_14489823,2,porosity,3,164,529,383,598,219,69,1280,720
RT_AL_02_14489830,0,porosity,3,304,331,452,378,148,47,1280,720
RT_AL_02_14489830,1,porosity,3,176,387,318,451,142,64,1280,720
RT_AL_02_14489830,2,porosity,3,325,427,455,469,130,42,1280,720
RT_AL_02_14489833,0,porosity,3,622,344,653,366,31,22,1280,720
RT_AL_02_14489833,1,porosity,3,524,347,547,369,23,22,1280,720
RT_AL_02_14489833,2,porosity,3,481,347,508,373,27,26,1280,720
RT_AL_02_14489833,3,porosity,3,534,368,570,383,36,15,1280,720
RT_AL_02_14489833,4,porosity,3,260,338,318,387,58,49,1280,720
RT_AL_02_14489836,0,porosity,3,581,294,698,379,117,85,1280,720
RT_AL_02_14489844,0,porosity,3,564,329,704,391,140,62,1280,720
RT_AL_02_14489865,0,porosity,3,753,44,772,75,19,31,1280,720
RT_AL_02_14489865,1,porosity,3,704,32,735,82,31,50,1280,720
RT_AL_02_14489865,2,porosity,3,646,36,683,70,37,34,1280,720
RT_AL_02_14489865,3,porosity,3,475,17,514,39,39,22,1280,720
RT_AL_02_14489865,4,porosity,3,302,10,327,48,25,38,1280,720
RT_AL_02_14489865,5,porosity,3,523,24,559,59,36,35,1280,720
RT_AL_02_14489865,6,porosity,3,620,345,658,372,38,27,1280,720
RT_AL_02_14489865,7,porosity,3,666,428,694,440,28,12,1280,720
RT_AL_02_14489865,8,porosity,3,646,433,664,464,18,31,1280,720
RT_AL_02_14489865,9,porosity,3,667,448,677,464,10,16,1280,720
RT_AL_02_14489865,10,porosity,3,657,475,666,493,9,18,1280,720
RT_AL_02_14489865,11,porosity,3,629,629,650,651,21,22,1280,720
RT_AL_02_14489871,0,porosity,3,978,151,1033,175,55,24,1280,720
RT_AL_02_14489871,1,porosity,3,709,226,735,243,26,17,1280,720
RT_AL_02_14489881,0,porosity,3,623,351,645,362,22,11,1280,720
RT_AL_02_14489882,0,porosity,3,653,302,725,372,72,70,1280,720
RT_AL_02_14489882,1,porosity,3,537,359,619,451,82,92,1280,720
RT_AL_02_14489886,0,porosity,3,411,324,484,387,73,63,1280,720
RT_AL_02_14489897,0,porosity,3,626,348,641,376,15,28,1280,720
RT_AL_02_14489951,0,porosity,3,586,285,805,453,219,168,1280,720
RT_AL_02_14489951,1,porosity,3,424,137,643,371,219,234,1280,720
RT_AL_02_14489952,0,porosity,3,897,391,929,410,32,19,1280,720
RT_AL_02_14489952,1,porosity,3,604,320,668,379,64,59,1280,720
RT_AL_02_14490003,0,porosity,3,618,332,662,380,44,48,1280,720
RT_AL_02_14490003,1,porosity,3,550,316,594,364,44,48,1280,720
RT_AL_02_14490003,2,porosity,3,482,316,518,360,36,44,1280,720
RT_AL_02_14490003,3,porosity,3,418,312,466,352,48,40,1280,720
RT_AL_02_14490016,0,porosity,3,516,400,545,432,29,32,1280,720
RT_AL_02_14490016,1,porosity,3,539,367,570,400,31,33,1280,720
RT_AL_02_14490016,2,porosity,3,612,382,633,404,21,22,1280,720
RT_AL_02_14490016,3,porosity,3,619,336,661,376,42,40,1280,720
RT_AL_02_14490016,4,porosity,3,568,341,598,371,30,30,1280,720
RT_AL_02_14490016,5,porosity,3,325,266,349,287,24,21,1280,720
RT_AL_02_14490016,6,porosity,3,367,290,431,321,64,31,1280,720
RT_AL_02_14490016,7,porosity,3,331,109,353,128,22,19,1280,720
RT_AL_02_14490016,8,porosity,3,306,53,364,107,58,54,1280,720
RT_AL_02_14490016,9,porosity,3,534,88,561,110,27,22,1280,720
RT_AL_02_14490016,10,porosity,3,736,458,756,482,20,24,1280,720
RT_AL_02_14490016,11,porosity,3,1003,106,1020,125,17,19,1280,720
RT_AL_02_14490016,12,porosity,3,1164,107,1191,133,27,26,1280,720
RT_AL_02_14490016,13,porosity,3,1040,276,1067,306,27,30,1280,720
RT_AL_02_14490016,14,porosity,3,1065,120,1086,140,21,20,1280,720
RT_AL_02_14490016,15,porosity,3,1004,132,1024,156,20,24,1280,720
RT_AL_02_14490016,16,porosity,3,807,81,841,119,34,38,1280,720
RT_AL_02_14490020,0,porosity,3,1022,315,1054,354,32,39,1280,720
RT_AL_02_14490020,1,porosity,3,785,346,803,381,18,35,1280,720
RT_AL_02_14490021,0,porosity,3,582,324,691,388,109,64,1280,720
RT_AL_02_14490057,0,porosity,3,592,322,688,414,96,92,1280,720
RT_AL_02_14490058,0,porosity,3,595,341,683,394,88,53,1280,720
RT_AL_02_14490058,1,porosity,3,27,363,88,413,61,50,1280,720
RT_AL_02_14490058,2,porosity,3,1205,273,1226,301,21,28,1280,720
RT_AL_02_14490058,3,porosity,3,1185,295,1210,319,25,24,1280,720
RT_AL_02_14490058,4,porosity,3,1142,277,1167,323,25,46,1280,720
RT_AL_02_14490058,5,porosity,3,1214,340,1240,352,26,12,1280,720
RT_AL_02_14490058,6,porosity,3,425,304,451,329,26,25,1280,720
RT_AL_02_14490082,0,porosity,3,1102,299,1143,338,41,39,1280,720
RT_AL_02_14490082,1,porosity,3,573,343,660,408,87,65,1280,720
RT_AL_02_14490082,2,porosity,3,157,300,192,350,35,50,1280,720
RT_AL_02_14490082,3,porosity,3,1123,236,1145,255,22,19,1280,720
RT_AL_02_14490096,0,porosity,3,592,328,700,384,108,56,1280,720
RT_AL_02_14490096,1,porosity,3,1096,300,1156,376,60,76,1280,720
RT_AL_02_14490099,0,porosity,3,588,337,664,414,76,77,1280,720
RT_AL_02_14490104,0,porosity,3,1096,392,1150,436,54,44,1280,720
RT_AL_02_14490104,1,porosity,3,603,320,697,407,94,87,1280,720
RT_AL_02_14490110,0,porosity,3,329,344,354,372,25,28,1280,720
RT_AL_02_14490112,0,porosity,3,579,311,680,395,101,84,1280,720
RT_AL_02_14490114,0,porosity,3,578,324,710,411,132,87,1280,720
RT_AL_02_14490117,0,porosity,3,607,341,678,371,71,30,1280,720
RT_AL_02_14490117,1,porosity,3,320,474,358,495,38,21,1280,720
RT_AL_02_14490120,0,porosity,3,607,322,652,376,45,54,1280,720
RT_AL_02_14490143,0,porosity,3,608,323,687,378,79,55,1280,720
RT_AL_02_14490151,0,porosity,3,564,343,700,382,136,39,1280,720
RT_AL_02_14490151,1,porosity,3,589,400,673,457,84,57,1280,720
RT_AL_02_14490164,0,porosity,3,593,303,707,418,114,115,1280,720
RT_AL_02_14490169,0,porosity,3,766,327,894,404,128,77,1280,720
RT_AL_02_14490169,1,porosity,3,1147,163,1209,253,62,90,1280,720
RT_AL_02_14490170,0,porosity,3,595,312,654,385,59,73,1280,720
RT_AL_02_14490170,1,porosity,3,685,317,700,344,15,27,1280,720
RT_AL_02_14490170,2,porosity,3,882,354,963,407,81,53,1280,720
RT_AL_02_14490170,3,porosity,3,494,454,510,469,16,15,1280,720
RT_AL_02_14490170,4,porosity,3,461,449,487,477,26,28,1280,720
RT_AL_02_14490170,5,porosity,3,269,326,288,342,19,16,1280,720
RT_AL_02_14490182,0,porosity,3,609,331,643,368,34,37,1280,720
RT_AL_02_14490188,0,porosity,3,578,300,726,373,148,73,1280,720
RT_AL_02_14490193,0,porosity,3,496,353,517,370,21,17,1280,720
RT_AL_02_14490203,0,porosity,3,587,314,688,385,101,71,1280,720
RT_AL_02_14490210,0,porosity,3,832,310,940,407,108,97,1280,720
RT_AL_02_14490210,1,porosity,3,660,162,708,207,48,45,1280,720
RT_AL_02_14490210,2,porosity,3,666,223,701,263,35,40,1280,720
RT_AL_02_14490217,0,porosity,3,632,347,650,377,18,30,1280,720
RT_AL_02_14490217,1,porosity,3,1054,453,1085,470,31,17,1280,720
RT_AL_02_14490217,2,porosity,3,537,336,559,355,22,19,1280,720
RT_AL_02_14490230,0,porosity,3,577,317,676,385,99,68,1280,720
RT_AL_02_14490231,0,porosity,3,627,311,674,347,47,36,1280,720
RT_AL_02_14490231,1,porosity,3,223,103,236,128,13,25,1280,720
RT_AL_02_14490231,2,porosity,3,406,164,425,177,19,13,1280,720
RT_AL_02_14490231,3,porosity,3,264,310,279,340,15,30,1280,720
RT_AL_02_14490235,0,porosity,3,645,347,657,370,12,23,1280,720
RT_AL_02_14490235,1,porosity,3,624,331,641,353,17,22,1280,720
RT_AL_02_14490235,2,porosity,3,618,359,639,371,21,12,1280,720
RT_AL_02_14490238,0,porosity,3,926,141,975,201,49,60,1280,720
RT_AL_02_14490238,1,porosity,3,924,369,983,410,59,41,1280,720
RT_AL_02_14490269,0,porosity,3,621,334,672,383,51,49,1280,720
RT_AL_02_14490269,1,porosity,3,791,28,822,64,31,36,1280,720
RT_AL_02_14490269,2,porosity,3,947,266,980,287,33,21,1280,720
RT_AL_02_14490275,0,porosity,3,921,42,935,67,14,25,1280,720
RT_AL_02_14490275,1,porosity,3,607,332,640,353,33,21,1280,720
RT_AL_02_14490275,2,porosity,3,661,335,681,360,20,25,1280,720
RT_AL_02_14490276,0,porosity,3,1211,336,1256,382,45,46,1280,720
RT_AL_02_14490276,1,porosity,3,1151,310,1211,348,60,38,1280,720
RT_AL_02_14490276,2,porosity,3,797,325,847,380,50,55,1280,720
RT_AL_02_14490276,3,porosity,3,705,358,748,381,43,23,1280,720
RT_AL_02_14490276,4,porosity,3,626,351,664,387,38,36,1280,720
RT_AL_02_14490276,5,porosity,3,571,314,622,368,51,54,1280,720
RT_AL_02_14490276,6,porosity,3,372,255,427,291,55,36,1280,720
RT_AL_02_14490276,7,porosity,3,373,290,413,332,40,42,1280,720
RT_AL_02_14490276,8,porosity,3,169,272,198,292,29,20,1280,720
RT_AL_02_14490276,9,porosity,3,112,269,144,300,32,31,1280,720
RT_AL_02_14490276,10,porosity,3,58,290,90,326,32,36,1280,720
RT_AL_02_14490276,11,porosity,3,24,293,49,311,25,18,1280,720
RT_AL_05_14488170,0,slag_inclusion,4,539,326,735,383,196,57,1280,720
RT_AL_05_14488639,0,slag_inclusion,4,618,351,654,367,36,16,1280,720
RT_AL_05_14488931,0,slag_inclusion,4,411,292,740,396,329,104,1280,720
RT_AL_05_14489809,0,slag_inclusion,4,586,283,703,423,117,140,1280,720
RT_AL_05_14489809,1,slag_inclusion,4,1008,365,1122,532,114,167,1280,720
RT_AL_05_14489809,2,slag_inclusion,4,128,260,243,385,115,125,1280,720
RT_AL_05_14489809,3,slag_inclusion,4,329,147,403,182,74,35,1280,720
RT_AL_05_14489815,0,slag_inclusion,4,587,330,720,385,133,55,1280,720
RT_AL_05_14489913,0,slag_inclusion,4,600,326,672,371,72,45,1280,720
RT_AL_05_14490949,0,slag_inclusion,4,602,342,711,378,109,36,1280,720
RT_AL_05_14491963,0,slag_inclusion,4,553,273,733,449,180,176,1280,720
RT_AL_05_14491964,0,slag_inclusion,4,606,329,666,389,60,60,1280,720
RT_AL_05_14491964,1,slag_inclusion,4,726,585,790,649,64,64,1280,720
RT_AL_05_14491965,0,slag_inclusion,4,962,376,1027,456,65,80,1280,720
RT_AL_05_14491965,1,slag_inclusion,4,594,312,677,388,83,76,1280,720
RT_AL_05_14491965,2,slag_inclusion,4,428,308,506,388,78,80,1280,720
RT_AL_05_14491965,3,slag_inclusion,4,240,336,323,400,83,64,1280,720
RT_AL_05_14491968,0,slag_inclusion,4,909,101,1045,281,136,180,1280,720
RT_AL_05_14491968,1,slag_inclusion,4,53,297,1093,409,1040,112,1280,720
RT_AL_05_14491979,0,slag_inclusion,4,538,334,752,378,214,44,1280,720
RT_AL_05_14491981,0,slag_inclusion,4,618,348,650,376,32,28,1280,720
RT_AL_05_14491981,1,slag_inclusion,4,274,264,338,356,64,92,1280,720
RT_AL_05_14491986,0,slag_inclusion,4,594,326,682,406,88,80,1280,720
RT_AL_05_14491986,1,slag_inclusion,4,466,286,546,382,80,96,1280,720
RT_AL_05_14491992,0,slag_inclusion,4,573,259,695,467,122,208,1280,720
RT_AL_05_14491992,1,slag_inclusion,4,719,299,832,463,113,164,1280,720
RT_AL_05_14492002,0,slag_inclusion,4,564,306,708,414,144,108,1280,720
RT_AL_05_14492008,0,slag_inclusion,4,592,292,696,404,104,112,1280,720
RT_AL_05_14492008,1,slag_inclusion,4,1108,360,1216,480,108,120,1280,720
RT_AL_05_14492008,2,slag_inclusion,4,140,240,252,392,112,152,1280,720
RT_AL_05_14492028,0,slag_inclusion,4,173,336,237,416,64,80,1280,720
RT_AL_05_14492028,1,slag_inclusion,4,613,312,673,404,60,92,1280,720
RT_AL_05_14492028,2,slag_inclusion,4,1137,232,1189,292,52,60,1280,720
RT_AL_05_14492028,3,slag_inclusion,4,725,208,853,260,128,52,1280,720
RT_AL_05_14492092,0,slag_inclusion,4,593,323,697,399,104,76,1280,720
RT_AL_05_14492104,0,slag_inclusion,4,1142,247,1190,299,48,52,1280,720
RT_AL_05_14492104,1,slag_inclusion,4,610,323,666,403,56,80,1280,720
RT_AL_05_14492104,2,slag_inclusion,4,162,323,226,407,64,84,1280,720
RT_AL_05_14492106,0,slag_inclusion,4,521,300,773,396,252,96,1280,720
RT_AL_05_14492118,0,slag_inclusion,4,83,267,147,339,64,72,1280,720
RT_AL_05_14492118,1,slag_inclusion,4,87,387,207,495,120,108,1280,720
RT_AL_05_14492118,2,slag_inclusion,4,595,315,727,415,132,100,1280,720
RT_AL_05_14492118,3,slag_inclusion,4,991,227,1095,311,104,84,1280,720
RT_AL_05_14492130,0,slag_inclusion,4,590,278,674,450,84,172,1280,720
RT_AL_05_14492130,1,slag_inclusion,4,282,390,426,490,144,100,1280,720
RT_AL_05_14492130,2,slag_inclusion,4,26,294,122,390,96,96,1280,720
RT_AL_05_14492130,3,slag_inclusion,4,578,126,610,158,32,32,1280,720
RT_AL_05_14492130,4,slag_inclusion,4,942,158,982,190,40,32,1280,720
RT_AL_05_14492133,0,slag_inclusion,4,965,437,1109,541,144,104,1280,720
RT_AL_05_14492133,1,slag_inclusion,4,569,317,701,397,132,80,1280,720
RT_AL_05_14492133,2,slag_inclusion,4,89,221,217,325,128,104,1280,720
RT_AL_05_14492133,3,slag_inclusion,4,113,417,393,561,280,144,1280,720
RT_AL_05_14492141,0,slag_inclusion,4,608,316,672,404,64,88,1280,720
RT_AL_05_14492141,1,slag_inclusion,4,92,380,212,504,120,124,1280,720
RT_AL_05_14492160,0,slag_inclusion,4,506,314,726,442,220,128,1280,720
RT_AL_05_14492165,0,slag_inclusion,4,592,304,684,412,92,108,1280,720
RT_AL_05_14492170,0,slag_inclusion,4,607,329,671,389,64,60,1280,720
RT_AL_05_14492178,0,slag_inclusion,4,1002,318,1134,374,132,56,1280,720
RT_AL_05_14492178,1,slag_inclusion,4,550,314,726,394,176,80,1280,720
RT_AL_05_14492178,2,slag_inclusion,4,222,306,562,394,340,88,1280,720
RT_AL_05_14492178,3,slag_inclusion,4,10,310,118,398,108,88,1280,720
RT_AL_05_14492184,0,slag_inclusion,4,525,284,741,416,216,132,1280,720
RT_AL_05_14492191,0,slag_inclusion,4,558,267,730,447,172,180,1280,720
RT_AL_05_14492199,0,slag_inclusion,4,587,290,679,402,92,112,1280,720
RT_AL_05_14492199,1,slag_inclusion,4,175,286,307,418,132,132,1280,720
RT_AL_05_14492206,0,slag_inclusion,4,519,298,755,442,236,144,1280,720
RT_AL_05_14492209,0,slag_inclusion,4,560,324,744,416,184,92,1280,720
RT_AL_05_14492209,1,slag_inclusion,4,336,336,432,424,96,88,1280,720
RT_AL_05_14492209,2,slag_inclusion,4,136,364,296,436,160,72,1280,720
RT_AL_05_14492223,0,slag_inclusion,4,1170,320,1258,372,88,52,1280,720
RT_AL_05_14492223,1,slag_inclusion,4,922,316,986,380,64,64,1280,720
RT_AL_05_14492223,2,slag_inclusion,4,602,332,654,392,52,60,1280,720
RT_AL_05_14492223,3,slag_inclusion,4,394,324,454,372,60,48,1280,720
RT_AL_05_14492223,4,slag_inclusion,4,310,332,358,372,48,40,1280,720
RT_AL_05_14492250,0,slag_inclusion,4,619,326,667,382,48,56,1280,720
RT_AL_05_14492250,1,slag_inclusion,4,267,310,431,394,164,84,1280,720
RT_AL_05_14492254,0,slag_inclusion,4,570,288,698,408,128,120,1280,720
RT_AL_05_14492255,0,slag_inclusion,4,536,220,776,464,240,244,1280,720
RT_AL_05_14492256,0,slag_inclusion,4,892,347,988,491,96,144,1280,720
RT_AL_05_14492256,1,slag_inclusion,4,592,311,692,407,100,96,1280,720
RT_AL_05_14492256,2,slag_inclusion,4,216,319,300,431,84,112,1280,720
RT_AL_05_14492260,0,slag_inclusion,4,549,279,729,435,180,156,1280,720
RT_AL_05_14492267,0,slag_inclusion,4,606,310,682,410,76,100,1280,720
RT_AL_05_14492267,1,slag_inclusion,4,814,494,866,578,52,84,1280,720
RT_AL_05_14492277,0,slag_inclusion,4,286,281,402,461,116,180,1280,720
RT_AL_05_14492277,1,slag_inclusion,4,58,253,154,325,96,72,1280,720
RT_AL_05_14492280,0,slag_inclusion,4,569,302,689,414,120,112,1280,720
RT_AL_05_14492285,0,slag_inclusion,4,328,250,428,402,100,152,1280,720
RT_AL_05_14492285,1,slag_inclusion,4,584,302,688,418,104,116,1280,720
RT_AL_05_14492285,2,slag_inclusion,4,1052,318,1160,402,108,84,1280,720
RT_AL_05_14492310,0,slag_inclusion,4,558,313,750,413,192,100,1280,720
RT_AL_05_14492310,1,slag_inclusion,4,146,293,258,393,112,100,1280,720
RT_AL_05_14492310,2,slag_inclusion,4,26,237,106,333,80,96,1280,720
RT_AL_05_14492353,0,slag_inclusion,4,608,327,672,391,64,64,1280,720
RT_AL_05_14492353,1,slag_inclusion,4,404,359,452,423,48,64,1280,720
RT_AL_05_14492353,2,slag_inclusion,4,232,403,356,491,124,88,1280,720
RT_AL_05_14492380,0,slag_inclusion,4,560,272,732,448,172,176,1280,720
RT_AL_05_14492383,0,slag_inclusion,4,567,315,727,399,160,84,1280,720
RT_AL_05_14492388,0,slag_inclusion,4,578,287,718,435,140,148,1280,720
RT_AL_05_14492388,1,slag_inclusion,4,202,279,354,367,152,88,1280,720
RT_AL_05_14492389,0,slag_inclusion,4,561,322,713,394,152,72,1280,720
RT_AL_05_14492389,1,slag_inclusion,4,853,306,913,374,60,68,1280,720
RT_AL_05_14492389,2,slag_inclusion,4,973,278,1177,366,204,88,1280,720
RT_AL_05_14492395,0,slag_inclusion,4,653,310,927,418,274,108,1280,720
RT_AL_05_14492395,1,slag_inclusion,4,334,270,524,382,190,112,1280,720
RT_AL_05_14492419,0,slag_inclusion,4,575,320,703,388,128,68,1280,720
RT_AL_05_14492419,1,slag_inclusion,4,195,404,311,464,116,60,1280,720
RT_AL_05_14492419,2,slag_inclusion,4,63,400,155,440,92,40,1280,720
RT_AL_05_14492425,0,slag_inclusion,4,1069,399,1165,455,96,56,1280,720
RT_AL_05_14492425,1,slag_inclusion,4,593,343,677,391,84,48,1280,720
RT_AL_05_14492425,2,slag_inclusion,4,217,195,277,255,60,60,1280,720
RT_AL_05_14492425,3,slag_inclusion,4,281,111,345,163,64,52,1280,720
RT_AL_05_14492428,0,slag_inclusion,4,564,291,692,511,128,220,1280,720
RT_AL_05_14492428,1,slag_inclusion,4,428,271,540,507,112,236,1280,720
RT_AL_05_14492472,0,slag_inclusion,4,1007,248,1199,400,192,152,1280,720
RT_AL_05_14492472,1,slag_inclusion,4,771,288,943,436,172,148,1280,720
RT_AL_05_14492472,2,slag_inclusion,4,567,280,727,424,160,144,1280,720
RT_AL_05_14492472,3,slag_inclusion,4,207,304,419,464,212,160,1280,720
RT_AL_05_14492493,0,slag_inclusion,4,1090,332,1192,396,102,64,1280,720
RT_AL_05_14492493,1,slag_inclusion,4,937,384,1030,444,93,60,1280,720
RT_AL_05_14492493,2,slag_inclusion,4,701,288,775,416,74,128,1280,720
RT_AL_05_14492493,3,slag_inclusion,4,109,296,206,364,97,68,1280,720
RT_AL_05_14492493,4,slag_inclusion,4,933,304,970,332,37,28,1280,720
RT_AL_05_14492527,0,slag_inclusion,4,195,296,379,476,184,180,1280,720
RT_AL_05_14492527,1,slag_inclusion,4,555,292,699,412,144,120,1280,720
RT_AL_05_14492527,2,slag_inclusion,4,771,308,963,436,192,128,1280,720
RT_AL_05_14492547,0,slag_inclusion,4,1051,164,1245,296,194,132,1280,720
RT_AL_05_14492547,1,slag_inclusion,4,644,328,736,400,92,72,1280,720
RT_AL_05_14492547,2,slag_inclusion,4,71,376,237,468,166,92,1280,720
RT_AL_05_14492553,0,slag_inclusion,4,195,296,379,476,184,180,1280,720
RT_AL_05_14492553,1,slag_inclusion,4,555,292,699,412,144,120,1280,720
RT_AL_05_14492553,2,slag_inclusion,4,771,308,963,436,192,128,1280,720
RT_AL_05_14492576,0,slag_inclusion,4,448,312,856,404,408,92,1280,720
RT_AL_05_14492576,1,slag_inclusion,4,424,28,752,76,328,48,1280,720
RT_AL_05_14492603,0,slag_inclusion,4,456,308,796,404,340,96,1280,720
RT_AL_05_14492608,0,slag_inclusion,4,414,260,1016,432,602,172,1280,720
RT_AL_05_14492632,0,slag_inclusion,4,456,306,824,426,368,120,1280,720
RT_AL_05_14492647,0,slag_inclusion,4,525,314,789,398,264,84,1280,720
RT_AL_05_14492668,0,slag_inclusion,4,340,332,388,392,48,60,1280,720
RT_AL_05_14492668,1,slag_inclusion,4,256,324,308,372,52,48,1280,720
RT_AL_05_14492681,0,slag_inclusion,4,582,316,686,400,104,84,1280,720
RT_AL_05_14492681,1,slag_inclusion,4,270,376,410,496,140,120,1280,720
RT_AL_05_14492681,2,slag_inclusion,4,22,272,98,420,76,148,1280,720
RT_AL_05_14492700,0,slag_inclusion,4,606,311,698,407,92,96,1280,720
RT_AL_05_14492706,0,slag_inclusion,4,291,256,471,464,180,208,1280,720
RT_AL_05_14492706,1,slag_inclusion,4,35,168,155,248,120,80,1280,720
RT_AL_05_14492741,0,slag_inclusion,4,500,307,608,403,108,96,1280,720
RT_AL_05_14492741,1,slag_inclusion,4,88,299,156,375,68,76,1280,720
RT_AL_05_14492741,2,slag_inclusion,4,1064,419,1124,479,60,60,1280,720
RT_AL_05_14492745,0,slag_inclusion,4,556,290,732,438,176,148,1280,720
RT_AL_05_14492752,0,slag_inclusion,4,541,263,769,483,228,220,1280,720
RT_AL_05_14492773,0,slag_inclusion,4,340,332,388,392,48,60,1280,720
RT_AL_05_14492773,1,slag_inclusion,4,256,324,308,372,52,48,1280,720
RT_AL_05_14492794,0,slag_inclusion,4,542,323,758,399,216,76,1280,720
RT_AL_05_14492806,0,slag_inclusion,4,576,311,744,411,168,100,1280,720
RT_AL_05_14492806,1,slag_inclusion,4,268,279,348,391,80,112,1280,720
RT_AL_05_14492843,0,slag_inclusion,4,16,307,124,403,108,96,1280,720
RT_AL_05_14492845,0,slag_inclusion,4,590,278,674,450,84,172,1280,720
RT_AL_05_14492845,1,slag_inclusion,4,282,390,426,490,144,100,1280,720
RT_AL_05_14492845,2,slag_inclusion,4,26,294,122,390,96,96,1280,720
RT_AL_05_14492845,3,slag_inclusion,4,578,126,610,158,32,32,1280,720
RT_AL_05_14492845,4,slag_inclusion,4,942,158,982,190,40,32,1280,720
RT_AL_05_14492847,0,slag_inclusion,4,509,319,741,399,232,80,1280,720
RT_AL_05_14492884,0,slag_inclusion,4,498,293,822,413,324,120,1280,720
RT_AL_05_14492886,0,slag_inclusion,4,610,320,666,404,56,84,1280,720
RT_AL_05_14492906,0,slag_inclusion,4,545,288,760,436,215,148,1280,720
RT_AL_05_14492910,0,slag_inclusion,4,568,342,688,374,120,32,1280,720
RT_AL_05_14492910,1,slag_inclusion,4,820,338,968,394,148,56,1280,720
RT_AL_05_14492910,2,slag_inclusion,4,16,338,88,374,72,36,1280,720
RT_AL_05_14492914,0,slag_inclusion,4,579,292,700,416,121,124,1280,720
RT_AL_05_14492914,1,slag_inclusion,4,408,256,463,376,55,120,1280,720
RT_AL_05_14492914,2,slag_inclusion,4,222,232,338,376,116,144,1280,720
RT_AL_05_14492914,3,slag_inclusion,4,775,332,851,432,76,100,1280,720
RT_AL_05_14492954,0,slag_inclusion,4,475,299,819,419,344,120,1280,720
RT_AL_05_14492977,0,slag_inclusion,4,594,260,674,468,80,208,1280,720
RT_AL_05_14492977,1,slag_inclusion,4,446,312,522,468,76,156,1280,720
RT_AL_05_14493018,0,slag_inclusion,4,556,280,716,436,160,156,1280,720
RT_AL_05_14493029,0,slag_inclusion,4,593,340,725,380,132,40,1280,720
RT_AL_05_14493049,0,slag_inclusion,4,575,316,711,404,136,88,1280,720
RT_AL_05_14493055,0,slag_inclusion,4,580,314,700,398,120,84,1280,720
RT_AL_05_14493059,0,slag_inclusion,4,549,255,733,455,184,200,1280,720
RT_AL_05_14493063,0,slag_inclusion,4,568,267,716,463,148,196,1280,720
RT_AL_05_14493068,0,slag_inclusion,4,556,288,708,432,152,144,1280,720
RT_AL_05_14493074,0,slag_inclusion,4,449,230,837,478,388,248,1280,720
RT_AL_05_14493100,0,slag_inclusion,4,344,319,444,399,100,80,1280,720
RT_AL_05_14493100,1,slag_inclusion,4,496,363,584,431,88,68,1280,720
RT_AL_05_14493100,2,slag_inclusion,4,724,255,828,415,104,160,1280,720
RT_AL_05_14493112,0,slag_inclusion,4,508,4,584,88,76,84,1280,720
RT_AL_05_14493120,0,slag_inclusion,4,590,316,694,400,104,84,1280,720
RT_AL_05_14493120,1,slag_inclusion,4,438,300,538,404,100,104,1280,720
RT_AL_05_14493125,0,slag_inclusion,4,792,338,1160,386,368,48,1280,720
RT_AL_05_14493131,0,slag_inclusion,4,541,282,761,470,220,188,1280,720
RT_AL_05_14493170,0,slag_inclusion,4,595,280,703,396,108,116,1280,720
RT_AL_05_14493196,0,slag_inclusion,4,116,314,380,418,264,104,1280,720
RT_AL_05_14493196,1,slag_inclusion,4,532,298,744,430,212,132,1280,720
RT_AL_05_14493196,2,slag_inclusion,4,960,270,1176,366,216,96,1280,720
RT_AL_05_14493204,0,slag_inclusion,4,577,282,697,450,120,168,1280,720
RT_AL_05_14493218,0,slag_inclusion,4,588,315,684,411,96,96,1280,720
RT_AL_05_14493218,1,slag_inclusion,4,28,335,88,519,60,184,1280,720
RT_AL_05_14493241,0,slag_inclusion,4,390,335,902,395,512,60,1280,720
RT_AL_05_14493244,0,slag_inclusion,4,579,291,695,423,116,132,1280,720
RT_AL_05_14493244,1,slag_inclusion,4,431,275,555,443,124,168,1280,720
RT_AL_05_14493244,2,slag_inclusion,4,271,243,375,387,104,144,1280,720
RT_AL_05_14493244,3,slag_inclusion,4,111,231,219,355,108,124,1280,720
RT_AL_05_14493264,0,slag_inclusion,4,598,300,686,412,88,112,1280,720
RT_AL_05_14493280,0,slag_inclusion,4,893,334,1125,466,232,132,1280,720
RT_AL_05_14493280,1,slag_inclusion,4,569,302,709,422,140,120,1280,720
RT_AL_05_14493280,2,slag_inclusion,4,325,318,485,442,160,124,1280,720
RT_AL_05_14493280,3,slag_inclusion,4,21,278,221,402,200,124,1280,720
RT_AL_05_14493285,0,slag_inclusion,4,597,314,721,402,124,88,1280,720
RT_AL_05_14493285,1,slag_inclusion,4,325,242,557,410,232,168,1280,720
RT_AL_05_14493285,2,slag_inclusion,4,209,262,305,338,96,76,1280,720
RT_AL_05_14493287,0,slag_inclusion,4,493,265,759,457,266,192,1280,720
RT_AL_05_14493287,1,slag_inclusion,4,731,385,969,541,238,156,1280,720
RT_AL_05_14493291,0,slag_inclusion,4,1090,332,1192,396,102,64,1280,720
RT_AL_05_14493291,1,slag_inclusion,4,937,384,1030,444,93,60,1280,720
RT_AL_05_14493291,2,slag_inclusion,4,701,288,775,416,74,128,1280,720
RT_AL_05_14493291,3,slag_inclusion,4,109,296,206,364,97,68,1280,720
RT_AL_05_14493291,4,slag_inclusion,4,933,304,970,332,37,28,1280,720
RT_AL_05_14493312,0,slag_inclusion,4,585,308,690,416,105,108,1280,720
RT_AL_05_14493316,0,slag_inclusion,4,527,301,747,413,220,112,1280,720
RT_AL_05_14493316,1,slag_inclusion,4,59,253,323,449,264,196,1280,720
RT_AL_05_14493327,0,slag_inclusion,4,570,302,706,414,136,112,1280,720
RT_AL_05_14493341,0,slag_inclusion,4,560,333,690,377,130,44,1280,720
RT_AL_05_14493341,1,slag_inclusion,4,606,389,656,429,50,40,1280,720
RT_AL_05_14493343,0,slag_inclusion,4,577,294,693,434,116,140,1280,720
RT_AL_05_14493343,1,slag_inclusion,4,1029,334,1169,458,140,124,1280,720
RT_AL_05_14493351,0,slag_inclusion,4,581,289,709,417,128,128,1280,720
RT_AL_05_14493373,0,slag_inclusion,4,893,319,1070,403,177,84,1280,720
RT_AL_05_14493376,0,slag_inclusion,4,29,262,229,442,200,180,1280,720
RT_AL_05_14493376,1,slag_inclusion,4,329,290,525,434,196,144,1280,720
RT_AL_05_14493376,2,slag_inclusion,4,569,306,741,410,172,104,1280,720
RT_AL_05_14493376,3,slag_inclusion,4,877,298,1181,466,304,168,1280,720
RT_AL_05_14493380,0,slag_inclusion,4,571,298,719,430,148,132,1280,720
RT_AL_05_14493381,0,slag_inclusion,4,481,240,785,460,304,220,1280,720
RT_AL_05_14493390,0,slag_inclusion,4,294,326,410,422,116,96,1280,720
