image_name,status,classes,object_count,group,selected,exclusion_reason,duplicate,quality_status,split_group
RT_AL_00_14483434,normal,,1,normal,False,quota_not_selected,False,pass,
RT_AL_00_14483440,normal,,1,normal,True,,False,pass,val
RT_AL_00_14483443,normal,,1,normal,False,quota_not_selected,False,pass,
RT_AL_00_14483464,normal,,1,normal,False,quota_not_selected,False,pass,
RT_AL_00_14483470,normal,,1,normal,False,quota_not_selected,False,pass,
RT_AL_00_14483485,normal,,1,normal,False,quota_not_selected,False,pass,
RT_AL_00_14483487,normal,,1,normal,True,,False,pass,train
RT_AL_00_14483491,normal,,1,normal,True,,False,pass,train
RT_AL_00_14483499,normal,,1,normal,True,,False,pass,test
RT_AL_00_14483507,normal,,1,normal,False,quota_not_selected,False,pass,
RT_AL_00_14483526,normal,,1,normal,False,quota_not_selected,False,pass,
RT_AL_00_14483531,normal,,1,normal,True,,False,pass,test
RT_AL_00_14483537,normal,,1,normal,False,quota_not_selected,False,pass,
RT_AL_00_14483552,normal,,1,normal,False,quota_not_selected,False,pass,
RT_AL_00_14483555,normal,,1,normal,True,,False,pass,train
RT_AL_00_14483561,normal,,1,normal,False,quota_not_selected,False,pass,
RT_AL_00_14483593,normal,,1,normal,True,,False,pass,train
RT_AL_00_14483595,normal,,1,normal,True,,False,pass,train
RT_AL_00_14483604,normal,,1,normal,True,,False,pass,train
RT_AL_00_14483605,normal,,1,normal,False,quota_not_selected,False,pass,
RT_AL_00_14483615,normal,,1,normal,True,,False,pass,train
RT_AL_00_14483617,normal,,1,normal,False,quota_not_selected,False,pass,
RT_AL_00_14483618,normal,,1,normal,True,,False,pass,train
RT_AL_00_14483628,normal,,1,normal,True,,False,pass,test
RT_AL_00_14483630,normal,,1,normal,True,,False,pass,train
RT_AL_00_14483635,normal,,1,normal,True,,False,pass,test
RT_AL_00_14483642,normal,,1,normal,True,,False,pass,test
RT_AL_00_14483649,normal,,1,normal,True,,False,pass,train
RT_AL_00_14483650,normal,,1,normal,True,,False,pass,train
RT_AL_00_14483665,normal,,1,normal,False,quota_not_selected,False,pass,
RT_AL_00_14483672,normal,,1,normal,False,quota_not_selected,False,pass,
RT_AL_00_14483673,normal,,1,normal,True,,False,pass,test
RT_AL_00_14483685,normal,,1,normal,False,quota_not_selected,False,pass,
RT_AL_00_14483690,normal,,1,normal,False,quota_not_selected,False,pass,
RT_AL_00_14483712,normal,,2,normal,False,quota_not_selected,False,pass,
RT_AL_00_14483727,normal,,1,normal,True,,False,pass,train
RT_AL_00_14483742,normal,,1,normal,False,quota_not_selected,False,pass,
RT_AL_00_14483764,normal,,1,normal,False,quota_not_selected,False,pass,
RT_AL_00_14483775,normal,,1,normal,False,quota_not_selected,False,pass,
RT_AL_00_14483790,normal,,1,normal,True,,False,pass,train
RT_AL_00_14483798,normal,,1,normal,True,,False,pass,train
RT_AL_00_14483810,normal,,1,normal,True,,False,pass,train
RT_AL_00_14483843,normal,,1,normal,False,quota_not_selected,False,pass,
RT_AL_00_14483870,normal,,1,normal,True,,False,pass,train
RT_AL_00_14483879,normal,,1,normal,False,quota_not_selected,False,pass,
RT_AL_00_14483896,normal,,1,normal,False,quota_not_selected,False,pass,
RT_AL_00_14483902,normal,,1,normal,False,quota_not_selected,False,pass,
RT_AL_00_14483906,normal,,1,normal,False,quota_not_selected,False,pass,
RT_AL_00_14483931,normal,,1,normal,False,quota_not_selected,False,pass,
RT_AL_00_14483935,normal,,1,normal,True,,False,pass,train
RT_AL_00_14483936,normal,,1,normal,True,,False,pass,train
RT_AL_00_14483942,normal,,1,normal,False,quota_not_selected,False,pass,
RT_AL_00_14483944,normal,,1,normal,False,quota_not_selected,False,pass,
RT_AL_00_14483953,normal,,1,normal,True,,False,pass,val
RT_AL_00_14483957,normal,,1,normal,False,quota_not_selected,False,pass,
RT_AL_00_14483962,normal,,1,normal,True,,False,pass,train
RT_AL_00_14483964,normal,,1,normal,True,,False,pass,val
RT_AL_00_14483966,normal,,1,normal,True,,False,pass,test
RT_AL_00_14483972,normal,,1,normal,True,,False,pass,val
RT_AL_00_14483980,normal,,1,normal,True,,False,pass,train
RT_AL_00_14484000,normal,,1,normal,False,quota_not_selected,False,pass,
RT_AL_00_14484020,normal,,1,normal,False,quota_not_selected,False,pass,
RT_AL_00_14484027,normal,,1,normal,True,,False,pass,test
RT_AL_00_14484034,normal,,1,normal,False,quota_not_selected,False,pass,
RT_AL_00_14484047,normal,,1,normal,False,quota_not_selected,False,pass,
RT_AL_00_14484054,normal,,1,normal,False,quota_not_selected,False,pass,
RT_AL_00_14484091,normal,,1,normal,False,quota_not_selected,False,pass,
RT_AL_00_14484117,normal,,1,normal,True,,False,pass,train
RT_AL_00_14484140,normal,,1,normal,True,,False,pass,train
RT_AL_00_14484143,normal,,1,normal,True,,False,pass,train
RT_AL_00_14484149,normal,,1,normal,True,,False,pass,test
RT_AL_00_14484153,normal,,1,normal,True,,False,pass,train
RT_AL_00_14484160,normal,,1,normal,False,quota_not_selected,False,pass,
RT_AL_00_14484173,normal,,1,normal,False,quota_not_selected,False,pass,
RT_AL_00_14484184,normal,,1,normal,True,,False,pass,train
RT_AL_00_14484188,normal,,1,normal,True,,False,pass,train
RT_AL_00_14484203,normal,,1,normal,False,quota_not_selected,False,pass,
RT_AL_00_14484204,normal,,1,normal,False,quota_not_selected,False,pass,
RT_AL_00_14484212,normal,,1,normal,False,quota_not_selected,False,pass,
RT_AL_00_14484226,normal,,1,normal,False,quota_not_selected,False,pass,
RT_AL_00_14484252,normal,,1,normal,True,,False,pass,train
RT_AL_00_14484255,normal,,1,normal,False,quota_not_selected,False,pass,
RT_AL_00_14484265,normal,,1,normal,False,quota_not_selected,False,pass,
RT_AL_00_14484304,normal,,1,normal,True,,False,pass,train
RT_AL_00_14484313,normal,,1,normal,False,quota_not_selected,False,pass,
RT_AL_00_14484314,normal,,1,normal,False,quota_not_selected,False,pass,
RT_AL_00_14484346,normal,,1,normal,True,,False,pass,train
RT_AL_00_14484349,normal,,1,normal,True,,False,pass,train
RT_AL_00_14484365,normal,,1,normal,True,,False,pass,train
RT_AL_00_14484367,normal,,1,normal,False,quota_not_selected,False,pass,
RT_AL_00_14484378,normal,,1,normal,True,,False,pass,train
RT_AL_00_14484384,normal,,1,normal,True,,False,pass,train
RT_AL_00_14484397,normal,,1,normal,True,,False,pass,train
RT_AL_00_14484405,normal,,1,normal,True,,False,pass,train
RT_AL_00_14484421,normal,,1,normal,True,,False,pass,train
RT_AL_00_14484435,normal,,1,normal,False,quota_not_selected,False,pass,
RT_AL_00_14484441,normal,,1,normal,True,,False,pass,train
RT_AL_00_14484444,normal,,1,normal,True,,False,pass,train
RT_AL_00_14484446,normal,,1,normal,False,quota_not_selected,False,pass,
RT_AL_00_14484460,normal,,1,normal,False,quota_not_selected,False,pass,
RT_AL_00_14484464,normal,,1,normal,False,quota_not_selected,False,pass,
RT_AL_00_14484468,normal,,1,normal,False,quota_not_selected,False,pass,
RT_AL_00_14484469,normal,,1,normal,True,,False,pass,train
RT_AL_00_14484473,normal,,1,normal,False,quota_not_selected,False,pass,
RT_AL_00_14484482,normal,,1,normal,False,quota_not_selected,False,pass,
RT_AL_00_14484504,normal,,1,normal,False,quota_not_selected,False,pass,
RT_AL_00_14484511,normal,,1,normal,False,quota_not_selected,False,pass,
RT_AL_00_14484524,normal,,1,normal,True,,False,pass,train
RT_AL_00_14484533,normal,,1,normal,True,,False,pass,val
RT_AL_00_14484537,normal,,1,normal,False,quota_not_selected,False,pass,
RT_AL_00_14484541,normal,,1,normal,False,quota_not_selected,False,pass,
RT_AL_00_14484564,normal,,1,normal,False,quota_not_selected,False,pass,
RT_AL_00_14484568,normal,,1,normal,False,quota_not_selected,False,pass,
RT_AL_00_14484569,normal,,1,normal,False,quota_not_selected,False,pass,
RT_AL_00_14484570,normal,,1,normal,True,,False,pass,test
RT_AL_00_14484577,normal,,1,normal,False,quota_not_selected,False,pass,
RT_AL_00_14484591,normal,,1,normal,True,,False,pass,train
RT_AL_00_14484619,normal,,1,normal,True,,False,pass,train
RT_AL_00_14484625,normal,,1,normal,True,,False,pass,val
RT_AL_00_14484628,normal,,1,normal,False,quota_not_selected,False,pass,
RT_AL_00_14484634,normal,,1,normal,False,quota_not_selected,False,pass,
RT_AL_00_14484655,normal,,1,normal,False,quota_not_selected,False,pass,
RT_AL_00_14484662,normal,,1,normal,False,quota_not_selected,False,pass,
RT_AL_00_14484668,normal,,1,normal,False,quota_not_selected,False,pass,
RT_AL_00_14484669,normal,,1,normal,False,quota_not_selected,False,pass,
RT_AL_00_14484676,normal,,1,normal,False,quota_not_selected,False,pass,
RT_AL_00_14484677,normal,,1,normal,False,quota_not_selected,False,pass,
RT_AL_00_14484690,normal,,1,normal,False,quota_not_selected,False,pass,
RT_AL_00_14484694,normal,,1,normal,False,quota_not_selected,False,pass,
RT_AL_00_14484710,normal,,1,normal,True,,False,pass,train
RT_AL_00_14484716,normal,,1,normal,False,quota_not_selected,False,pass,
RT_AL_00_14484727,normal,,1,normal,False,quota_not_selected,False,pass,
RT_AL_00_14484729,normal,,1,normal,False,quota_not_selected,False,pass,
RT_AL_00_14484739,normal,,1,normal,False,quota_not_selected,False,pass,
RT_AL_00_14484751,normal,,1,normal,False,quota_not_selected,False,pass,
RT_AL_00_14484753,normal,,1,normal,False,quota_not_selected,False,pass,
RT_AL_00_14484756,normal,,1,normal,True,,False,pass,train
RT_AL_00_14484768,normal,,1,normal,True,,False,pass,train
RT_AL_00_14484787,normal,,1,normal,False,quota_not_selected,False,pass,
RT_AL_00_14484792,normal,,1,normal,True,,False,pass,train
RT_AL_00_14484795,normal,,1,normal,False,quota_not_selected,False,pass,
RT_AL_00_14484799,normal,,1,normal,True,,False,pass,train
RT_AL_00_14484809,normal,,1,normal,False,quota_not_selected,False,pass,
RT_AL_00_14484810,normal,,1,normal,True,,False,pass,train
RT_AL_00_14484819,normal,,1,normal,True,,False,pass,val
RT_AL_00_14484823,normal,,1,normal,False,quota_not_selected,False,pass,
RT_AL_00_14484836,normal,,1,normal,False,quota_not_selected,False,pass,
RT_AL_00_14484846,normal,,1,normal,True,,False,pass,train
RT_AL_00_14484882,normal,,1,normal,True,,False,pass,train
RT_AL_00_14484892,normal,,1,normal,False,quota_not_selected,False,pass,
RT_AL_00_14484906,normal,,1,normal,True,,False,pass,train
RT_AL_00_14484908,normal,,1,normal,True,,False,pass,train
RT_AL_00_14484923,normal,,1,normal,True,,False,pass,test
RT_AL_00_14484937,normal,,1,normal,False,quota_not_selected,False,pass,
RT_AL_00_14484982,normal,,1,normal,True,,False,pass,train
RT_AL_00_14484987,normal,,1,normal,False,quota_not_selected,False,pass,
RT_AL_00_14484998,normal,,1,normal,False,quota_not_selected,False,pass,
RT_AL_00_14485020,normal,,1,normal,True,,False,pass,val
RT_AL_00_14485033,normal,,1,normal,True,,False,pass,train
RT_AL_00_14485044,normal,,1,normal,False,quota_not_selected,False,pass,
RT_AL_00_14485064,normal,,1,normal,True,,False,pass,train
RT_AL_00_14485073,normal,,1,normal,False,quota_not_selected,False,pass,
RT_AL_00_14485083,normal,,1,normal,False,quota_not_selected,False,pass,
RT_AL_00_14485102,normal,,1,normal,True,,False,pass,train
RT_AL_00_14485115,normal,,1,normal,False,quota_not_selected,False,pass,
RT_AL_00_14485151,normal,,1,normal,False,quota_not_selected,False,pass,
RT_AL_00_14485156,normal,,1,normal,True,,False,pass,test
RT_AL_00_14485159,normal,,1,normal,True,,False,pass,train
RT_AL_00_14485167,normal,,1,normal,False,quota_not_selected,False,pass,
RT_AL_00_14485174,normal,,1,normal,False,quota_not_selected,False,pass,
RT_AL_00_14485208,normal,,1,normal,False,quota_not_selected,False,pass,
RT_AL_00_14485216,normal,,1,normal,False,quota_not_selected,False,pass,
RT_AL_00_14485218,normal,,1,normal,True,,False,pass,val
RT_AL_00_14485219,normal,,1,normal,True,,False,pass,train
RT_AL_00_14485220,normal,,1,normal,False,quota_not_selected,False,pass,
RT_AL_00_14485262,normal,,1,normal,False,quota_not_selected,False,pass,
RT_AL_00_14485284,normal,,1,normal,False,quota_not_selected,False,pass,
RT_AL_00_14485294,normal,,1,normal,False,quota_not_selected,False,pass,
RT_AL_00_14485298,normal,,1,normal,True,,False,pass,train
RT_AL_00_14485305,normal,,1,normal,True,,False,pass,train
RT_AL_00_14485306,normal,,1,normal,False,quota_not_selected,False,pass,
RT_AL_00_14485329,normal,,1,normal,False,quota_not_selected,False,pass,
RT_AL_00_14485335,normal,,1,normal,False,quota_not_selected,False,pass,
RT_AL_00_14485337,normal,,1,normal,True,,False,pass,test
RT_AL_00_14485370,normal,,1,normal,True,,False,pass,train
RT_AL_00_14485391,normal,,1,normal,False,quota_not_selected,False,pass,
RT_AL_00_14485402,normal,,1,normal,False,quota_not_selected,False,pass,
RT_AL_00_14485404,normal,,1,normal,True,,False,pass,train
RT_AL_00_14485415,normal,,1,normal,True,,False,pass,val
RT_AL_00_14485428,normal,,1,normal,True,,False,pass,train
RT_AL_00_14485437,normal,,1,normal,True,,False,pass,test
RT_AL_00_14485440,normal,,1,normal,True,,False,pass,train
RT_AL_00_14485442,normal,,1,normal,False,quota_not_selected,False,pass,
RT_AL_00_14485467,normal,,1,normal,True,,False,pass,val
RT_AL_00_14485469,normal,,1,normal,False,quota_not_selected,False,pass,
RT_AL_00_14485471,normal,,1,normal,False,quota_not_selected,False,pass,
RT_AL_00_14485474,normal,,1,normal,False,quota_not_selected,False,pass,
RT_AL_00_14485506,normal,,1,normal,False,quota_not_selected,False,pass,
RT_AL_00_14485510,normal,,1,normal,False,quota_not_selected,False,pass,
RT_AL_00_14485516,normal,,1,normal,False,quota_not_selected,False,pass,
RT_AL_00_14485526,normal,,1,normal,False,quota_not_selected,False,pass,
RT_AL_00_14485533,normal,,1,normal,False,quota_not_selected,False,pass,
RT_AL_00_14485536,normal,,1,normal,True,,False,pass,val
RT_AL_00_14485546,normal,,1,normal,False,quota_not_selected,False,pass,
RT_AL_00_14485579,normal,,1,normal,True,,False,pass,train
RT_AL_00_14485595,normal,,1,normal,True,,False,pass,train
RT_AL_00_14485606,normal,,1,normal,True,,False,pass,train
RT_AL_00_14485613,normal,,1,normal,False,quota_not_selected,False,pass,
RT_AL_00_14485617,normal,,1,normal,True,,False,pass,val
RT_AL_00_14485618,normal,,1,normal,True,,False,pass,test
RT_AL_00_14485631,normal,,1,normal,False,quota_not_selected,False,pass,
RT_AL_00_14485640,normal,,1,normal,False,quota_not_selected,False,pass,
RT_AL_00_14485644,normal,,1,normal,True,,False,pass,val
RT_AL_00_14485654,normal,,1,normal,False,quota_not_selected,False,pass,
RT_AL_00_14485670,normal,,1,normal,False,quota_not_selected,False,pass,
RT_AL_00_14485678,normal,,1,normal,True,,False,pass,train
RT_AL_00_14485681,normal,,1,normal,False,quota_not_selected,False,pass,
RT_AL_00_14485682,normal,,1,normal,False,quota_not_selected,False,pass,
RT_AL_00_14485684,normal,,1,normal,False,quota_not_selected,False,pass,
RT_AL_00_14485702,normal,,1,normal,True,,False,pass,val
RT_AL_00_14485703,normal,,1,normal,False,quota_not_selected,False,pass,
RT_AL_00_14485704,normal,,1,normal,True,,False,pass,train
RT_AL_00_14485712,normal,,1,normal,True,,False,pass,train
RT_AL_00_14485716,normal,,1,normal,False,quota_not_selected,False,pass,
RT_AL_00_14485718,normal,,1,normal,False,quota_not_selected,False,pass,
RT_AL_01_14487435,defect,crack,2,excluded,False,non_target_class,False,pass,
RT_AL_01_14487442,defect,crack,2,excluded,False,non_target_class,False,pass,
RT_AL_01_14487446,defect,crack,2,excluded,False,non_target_class,False,pass,
RT_AL_01_14487447,defect,crack,1,excluded,False,non_target_class,False,pass,
RT_AL_01_14487454,defect,crack,1,excluded,False,non_target_class,False,pass,
RT_AL_01_14487460,defect,crack,2,excluded,False,non_target_class,False,pass,
RT_AL_01_14487464,defect,crack,3,excluded,False,non_target_class,False,pass,
RT_AL_01_14487471,defect,crack,1,excluded,False,non_target_class,False,pass,
RT_AL_01_14487492,defect,crack,1,excluded,False,non_target_class,False,pass,
RT_AL_01_14487496,defect,crack,2,excluded,False,non_target_class,False,pass,
RT_AL_01_14487524,defect,crack,2,excluded,False,non_target_class,False,pass,
RT_AL_01_14487526,defect,crack,2,excluded,False,non_target_class,False,pass,
RT_AL_01_14487528,defect,crack,1,excluded,False,non_target_class,False,pass,
RT_AL_01_14487531,defect,crack,2,excluded,False,non_target_class,False,pass,
RT_AL_01_14487533,defect,crack,2,excluded,False,non_target_class,False,pass,
RT_AL_01_14487552,defect,crack,2,excluded,False,non_target_class,False,pass,
RT_AL_01_14487553,defect,crack,2,excluded,False,non_target_class,False,pass,
RT_AL_01_14487563,defect,crack,2,excluded,False,non_target_class,False,pass,
RT_AL_01_14487565,defect,crack,2,excluded,False,non_target_class,False,pass,
RT_AL_01_14487571,defect,crack,2,excluded,False,non_target_class,False,pass,
RT_AL_01_14487572,defect,crack,2,excluded,False,non_target_class,False,pass,
RT_AL_01_14487590,defect,crack,1,excluded,False,non_target_class,False,pass,
RT_AL_01_14487598,defect,crack,1,excluded,False,non_target_class,False,pass,
RT_AL_01_14487600,defect,crack,2,excluded,False,non_target_class,False,pass,
RT_AL_01_14487603,defect,crack,2,excluded,False,non_target_class,False,pass,
RT_AL_01_14487608,defect,crack,1,excluded,False,non_target_class,False,pass,
RT_AL_01_14487610,defect,crack,1,excluded,False,non_target_class,False,pass,
RT_AL_01_14487612,defect,crack,2,excluded,False,non_target_class,False,pass,
RT_AL_01_14487619,defect,crack,4,excluded,False,non_target_class,False,pass,
RT_AL_01_14487631,defect,crack,1,excluded,False,non_target_class,False,pass,
RT_AL_01_14487633,defect,crack,6,excluded,False,non_target_class,False,pass,
RT_AL_01_14487650,defect,crack,2,excluded,False,non_target_class,False,pass,
RT_AL_01_14487666,defect,crack,1,excluded,False,non_target_class,False,pass,
RT_AL_01_14487680,defect,crack,3,excluded,False,non_target_class,False,pass,
RT_AL_01_14487734,defect,crack,2,excluded,False,non_target_class,False,pass,
RT_AL_01_14487735,defect,crack,1,excluded,False,non_target_class,False,pass,
RT_AL_01_14487736,defect,crack,3,excluded,False,non_target_class,False,pass,
RT_AL_01_14487743,defect,crack,2,excluded,False,non_target_class,False,pass,
RT_AL_02_14483871,defect,porosity,1,porosity,True,,False,pass,train
RT_AL_02_14487762,defect,porosity,1,porosity,False,quota_not_selected,False,pass,
RT_AL_02_14487769,defect,porosity,1,porosity,True,,False,pass,val
RT_AL_02_14487771,defect,porosity,5,porosity,False,quota_not_selected,False,pass,
RT_AL_02_14487779,defect,porosity,3,porosity,True,,False,pass,val
RT_AL_02_14487790,defect,porosity,3,porosity,False,quota_not_selected,False,pass,
RT_AL_02_14487794,defect,porosity,1,porosity,False,quota_not_selected,False,pass,
RT_AL_02_14487800,defect,porosity,3,porosity,False,quota_not_selected,False,pass,
RT_AL_02_14487811,defect,porosity,2,porosity,False,quota_not_selected,False,pass,
RT_AL_02_14487812,defect,porosity,1,porosity,False,quota_not_selected,False,pass,
RT_AL_02_14487814,defect,porosity,1,porosity,False,quota_not_selected,False,pass,
RT_AL_02_14487815,defect,porosity,12,porosity,False,quota_not_selected,False,pass,
RT_AL_02_14487821,defect,porosity,1,porosity,True,,False,pass,train
RT_AL_02_14487822,defect,porosity,2,porosity,False,quota_not_selected,False,pass,
RT_AL_02_14487829,defect,porosity,3,porosity,True,,False,pass,train
RT_AL_02_14487845,defect,porosity,2,porosity,False,quota_not_selected,False,pass,
RT_AL_02_14487873,defect,porosity,1,porosity,True,,False,pass,train
RT_AL_02_14487891,defect,porosity,4,porosity,True,,False,pass,train
RT_AL_02_14487914,defect,porosity,2,porosity,False,quota_not_selected,False,pass,
RT_AL_02_14487926,defect,porosity,2,porosity,False,quota_not_selected,False,pass,
RT_AL_02_14487927,defect,porosity,1,porosity,True,,False,pass,train
RT_AL_02_14487941,defect,porosity,2,porosity,True,,False,pass,train
RT_AL_02_14487996,defect,porosity,1,porosity,False,quota_not_selected,False,pass,
RT_AL_02_14488001,defect,porosity,1,porosity,True,,False,pass,test
RT_AL_02_14488006,defect,porosity,3,porosity,False,quota_not_selected,False,pass,
RT_AL_02_14488009,defect,porosity,1,porosity,False,quota_not_selected,False,pass,
RT_AL_02_14488012,defect,porosity,3,porosity,False,quota_not_selected,False,pass,
RT_AL_02_14488023,defect,porosity,2,porosity,True,,False,pass,val
RT_AL_02_14488032,defect,porosity,3,porosity,True,,False,pass,test
RT_AL_02_14488033,defect,porosity,3,porosity,True,,False,pass,train
RT_AL_02_14488036,defect,porosity,1,porosity,False,quota_not_selected,False,pass,
RT_AL_02_14488048,defect,porosity,10,porosity,False,quota_not_selected,False,pass,
RT_AL_02_14488062,defect,porosity,4,porosity,True,,False,pass,val
RT_AL_02_14488068,defect,porosity,4,porosity,False,quota_not_selected,False,pass,
RT_AL_02_14488069,defect,porosity,2,porosity,False,quota_not_selected,False,pass,
RT_AL_02_14488080,defect,porosity,1,porosity,True,,False,pass,train
RT_AL_02_14488091,defect,porosity,1,porosity,True,,False,pass,test
RT_AL_02_14488097,defect,porosity,1,porosity,False,quota_not_selected,False,pass,
RT_AL_02_14488112,defect,porosity,1,porosity,False,quota_not_selected,False,pass,
RT_AL_02_14488136,defect,porosity,1,porosity,True,,False,pass,train
RT_AL_02_14488155,defect,porosity,2,porosity,True,,False,pass,train
RT_AL_02_14488176,defect,porosity,1,porosity,True,,False,pass,train
RT_AL_02_14488184,defect,porosity,2,porosity,True,,False,pass,test
RT_AL_02_14488185,defect,lack_of_fusion;porosity,4,excluded,False,off_target_class_present,False,pass,
RT_AL_02_14488193,defect,porosity,2,porosity,False,quota_not_selected,False,pass,
RT_AL_02_14488198,defect,porosity,1,porosity,False,quota_not_selected,False,pass,
RT_AL_02_14488212,defect,porosity,1,porosity,True,,False,pass,train
RT_AL_02_14488218,defect,porosity,8,porosity,False,quota_not_selected,False,pass,
RT_AL_02_14488222,defect,porosity,2,porosity,True,,False,pass,train
RT_AL_02_14488270,defect,porosity,2,porosity,False,quota_not_selected,False,pass,
RT_AL_02_14488272,defect,porosity,11,porosity,False,quota_not_selected,False,pass,
RT_AL_02_14488285,defect,porosity,1,porosity,True,,False,pass,train
RT_AL_02_14488306,defect,porosity,1,porosity,True,,False,pass,train
RT_AL_02_14488324,defect,porosity,1,porosity,False,quota_not_selected,False,pass,
RT_AL_02_14488328,defect,porosity,2,porosity,False,quota_not_selected,False,pass,
RT_AL_02_14488343,defect,porosity,1,porosity,True,,False,pass,val
RT_AL_02_14488368,defect,porosity,7,porosity,False,quota_not_selected,False,pass,
RT_AL_02_14488379,defect,porosity,3,porosity,True,,False,pass,test
RT_AL_02_14488384,defect,porosity,3,porosity,False,quota_not_selected,False,pass,
RT_AL_02_14488402,defect,porosity,1,porosity,False,quota_not_selected,False,pass,
RT_AL_02_14488422,defect,porosity,3,porosity,False,quota_not_selected,False,pass,
RT_AL_02_14488432,defect,porosity,2,porosity,False,quota_not_selected,False,pass,
RT_AL_02_14488461,defect,porosity,1,porosity,True,,False,pass,test
RT_AL_02_14488466,defect,porosity,1,porosity,False,quota_not_selected,False,pass,
RT_AL_02_14488480,defect,porosity,1,porosity,True,,False,pass,test
RT_AL_02_14488486,defect,porosity,2,porosity,True,,False,pass,val
RT_AL_02_14488488,defect,porosity,2,porosity,False,quota_not_selected,False,pass,
RT_AL_02_14488506,defect,porosity,5,porosity,False,quota_not_selected,False,pass,
RT_AL_02_14488509,defect,porosity,1,porosity,True,,False,pass,train
RT_AL_02_14488533,defect,porosity,1,porosity,True,,False,pass,train
RT_AL_02_14488543,defect,porosity,4,porosity,False,quota_not_selected,False,pass,
RT_AL_02_14488570,defect,porosity,1,porosity,False,quota_not_selected,False,pass,
RT_AL_02_14488582,defect,porosity,2,porosity,False,quota_not_selected,False,pass,
RT_AL_02_14488584,defect,porosity,3,porosity,False,quota_not_selected,False,pass,
RT_AL_02_14488590,defect,porosity,1,porosity,False,quota_not_selected,False,pass,
RT_AL_02_14488600,defect,porosity,3,porosity,False,quota_not_selected,False,pass,
RT_AL_02_14488606,defect,porosity,2,porosity,True,,False,pass,train
RT_AL_02_14488621,defect,porosity,2,porosity,True,,False,pass,train
RT_AL_02_14488625,defect,porosity,2,porosity,False,quota_not_selected,False,pass,
RT_AL_02_14488626,defect,porosity,11,porosity,True,,False,pass,train
RT_AL_02_14488661,defect,porosity,2,porosity,True,,False,pass,train
RT_AL_02_14488663,defect,porosity,1,porosity,True,,False,pass,train
RT_AL_02_14488665,defect,porosity,1,porosity,False,quota_not_selected,False,pass,
RT_AL_02_14488682,defect,porosity;slag_inclusion,3,both,True,,False,pass,train
RT_AL_02_14488683,defect,porosity,2,porosity,True,,False,pass,train
RT_AL_02_14488690,defect,porosity,3,porosity,True,,False,pass,val
RT_AL_02_14488700,defect,porosity,3,porosity,False,quota_not_selected,False,pass,
RT_AL_02_14488705,defect,porosity,1,porosity,True,,False,pass,train
RT_AL_02_14488716,defect,porosity,1,porosity,False,quota_not_selected,False,pass,
RT_AL_02_14488733,defect,porosity,2,porosity,True,,False,pass,val
RT_AL_02_14488745,defect,porosity,3,porosity,False,quota_not_selected,False,pass,
RT_AL_02_14488749,defect,porosity,3,porosity,False,quota_not_selected,False,pass,
RT_AL_02_14488767,defect,porosity,3,porosity,False,quota_not_selected,False,pass,
RT_AL_02_14488779,defect,porosity,1,porosity,False,quota_not_selected,False,pass,
RT_AL_02_14488786,defect,porosity,1,porosity,True,,False,pass,test
RT_AL_02_14488795,defect,porosity,1,porosity,False,quota_not_selected,False,pass,
RT_AL_02_14488809,defect,porosity,1,porosity,False,quota_not_selected,False,pass,
RT_AL_02_14488813,defect,porosity,1,porosity,True,,False,pass,train
RT_AL_02_14488830,defect,porosity,5,porosity,False,quota_not_selected,False,pass,
RT_AL_02_14488847,defect,porosity,1,porosity,True,,False,pass,train
RT_AL_02_14488854,defect,porosity,1,porosity,True,,False,pass,train
RT_AL_02_14488857,defect,porosity,4,porosity,False,quota_not_selected,False,pass,
RT_AL_02_14488858,defect,porosity,7,porosity,False,quota_not_selected,False,pass,
RT_AL_02_14488878,defect,porosity,3,porosity,True,,False,pass,val
RT_AL_02_14488887,defect,lack_of_fusion;porosity,5,excluded,False,off_target_class_present,False,pass,
RT_AL_02_14488902,defect,porosity,4,porosity,True,,False,pass,test
RT_AL_02_14488913,defect,porosity,1,porosity,False,quota_not_selected,False,pass,
RT_AL_02_14488920,defect,porosity,2,porosity,False,quota_not_selected,False,pass,
RT_AL_02_14488925,defect,porosity,2,porosity,False,quota_not_selected,False,pass,
RT_AL_02_14488936,defect,porosity,1,porosity,False,quota_not_selected,False,pass,
RT_AL_02_14488939,defect,porosity,1,porosity,False,quota_not_selected,False,pass,
RT_AL_02_14488967,defect,porosity,2,porosity,True,,False,pass,train
RT_AL_02_14488984,defect,porosity,3,porosity,True,,False,pass,train
RT_AL_02_14488988,defect,porosity,6,porosity,False,quota_not_selected,False,pass,
RT_AL_02_14489005,defect,porosity,1,porosity,True,,False,pass,val
RT_AL_02_14489020,defect,porosity,3,porosity,False,quota_not_selected,False,pass,
RT_AL_02_14489030,defect,porosity,1,porosity,False,quota_not_selected,False,pass,
RT_AL_02_14489033,defect,porosity,4,porosity,False,quota_not_selected,False,pass,
RT_AL_02_14489043,defect,porosity,4,porosity,False,quota_not_selected,False,pass,
RT_AL_02_14489044,defect,porosity,3,porosity,True,,False,pass,train
RT_AL_02_14489051,defect,porosity,3,porosity,True,,False,pass,train
RT_AL_02_14489063,defect,porosity,2,porosity,False,quota_not_selected,False,pass,
RT_AL_02_14489072,defect,porosity,1,porosity,True,,False,pass,train
RT_AL_02_14489098,defect,porosity,8,porosity,False,quota_not_selected,False,pass,
RT_AL_02_14489115,defect,porosity,4,porosity,True,,False,pass,train
RT_AL_02_14489126,defect,porosity,1,porosity,False,quota_not_selected,False,pass,
RT_AL_02_14489137,defect,porosity,1,porosity,False,quota_not_selected,False,pass,
RT_AL_02_14489156,defect,porosity,1,porosity,True,,False,pass,train
RT_AL_02_14489158,defect,porosity,2,porosity,True,,False,pass,train
RT_AL_02_14489171,defect,porosity,2,porosity,True,,False,pass,val
RT_AL_02_14489175,defect,porosity,1,porosity,True,,False,pass,val
RT_AL_02_14489182,defect,porosity,1,porosity,True,,False,pass,train
RT_AL_02_14489189,defect,porosity,24,porosity,True,,False,pass,train
RT_AL_02_14489193,defect,porosity,2,porosity,True,,False,pass,train
RT_AL_02_14489194,defect,porosity,1,porosity,False,quota_not_selected,False,pass,
RT_AL_02_14489195,defect,porosity,1,porosity,False,quota_not_selected,False,pass,
RT_AL_02_14489201,defect,porosity,8,porosity,False,quota_not_selected,False,pass,
RT_AL_02_14489222,defect,porosity,4,porosity,False,quota_not_selected,False,pass,
RT_AL_02_14489225,defect,porosity,8,porosity,True,,False,pass,train
RT_AL_02_14489231,defect,porosity,1,porosity,False,quota_not_selected,False,pass,
RT_AL_02_14489237,defect,porosity,1,porosity,True,,False,pass,train
RT_AL_02_14489251,defect,porosity,1,porosity,True,,False,pass,val
RT_AL_02_14489265,defect,porosity,1,porosity,False,quota_not_selected,False,pass,
RT_AL_02_14489269,defect,porosity,1,porosity,False,quota_not_selected,False,pass,
RT_AL_02_14489312,defect,porosity,1,porosity,True,,False,pass,train
RT_AL_02_14489318,defect,porosity,1,porosity,True,,False,pass,test
RT_AL_02_14489340,defect,porosity,1,porosity,True,,False,pass,train
RT_AL_02_14489357,defect,porosity,3,porosity,False,quota_not_selected,False,pass,
RT_AL_02_14489419,defect,porosity,3,porosity,True,,False,pass,test
RT_AL_02_14489420,defect,porosity,2,porosity,False,quota_not_selected,False,pass,
RT_AL_02_14489421,defect,porosity,2,porosity,False,quota_not_selected,False,pass,
RT_AL_02_14489446,defect,porosity,1,porosity,False,quota_not_selected,False,pass,
RT_AL_02_14489453,defect,porosity,1,porosity,True,,False,pass,train
RT_AL_02_14489465,defect,porosity,1,porosity,True,,False,pass,train
RT_AL_02_14489481,defect,porosity,1,porosity,False,quota_not_selected,False,pass,
RT_AL_02_14489518,defect,porosity,3,porosity,True,,False,pass,train
RT_AL_02_14489520,defect,porosity,3,porosity,False,quota_not_selected,False,pass,
RT_AL_02_14489529,defect,porosity,1,porosity,False,quota_not_selected,False,pass,
RT_AL_02_14489534,defect,porosity,1,porosity,True,,False,pass,train
RT_AL_02_14489564,defect,porosity,1,porosity,False,quota_not_selected,False,pass,
RT_AL_02_14489567,defect,porosity,1,porosity,False,quota_not_selected,False,pass,
RT_AL_02_14489578,defect,porosity,1,porosity,False,quota_not_selected,False,pass,
RT_AL_02_14489579,defect,porosity,1,porosity,False,quota_not_selected,False,pass,
RT_AL_02_14489597,defect,porosity,1,porosity,True,,False,pass,train
RT_AL_02_14489599,defect,porosity,1,porosity,False,quota_not_selected,False,pass,
RT_AL_02_14489609,defect,porosity,1,porosity,True,,False,pass,test
RT_AL_02_14489610,defect,porosity,4,porosity,True,,False,pass,train
RT_AL_02_14489612,defect,porosity,1,porosity,True,,False,pass,train
RT_AL_02_14489622,defect,porosity,2,porosity,False,quota_not_selected,False,pass,
RT_AL_02_14489631,defect,porosity,1,porosity,False,quota_not_selected,False,pass,
RT_AL_02_14489648,defect,porosity,11,porosity,True,,False,pass,train
RT_AL_02_14489687,defect,porosity,2,porosity,False,quota_not_selected,False,pass,
RT_AL_02_14489691,defect,porosity,2,porosity,True,,False,pass,train
RT_AL_02_14489692,defect,porosity,1,porosity,False,quota_not_selected,False,pass,
RT_AL_02_14489712,defect,porosity,4,porosity,True,,False,pass,test
RT_AL_02_14489744,defect,porosity,5,porosity,False,quota_not_selected,False,pass,
RT_AL_02_14489790,defect,porosity,3,porosity,False,quota_not_selected,False,pass,
RT_AL_02_14489798,defect,porosity,2,porosity,True,,False,pass,train
RT_AL_02_14489805,defect,porosity,2,porosity,False,quota_not_selected,False,pass,
RT_AL_02_14489823,defect,porosity,3,porosity,False,quota_not_selected,False,pass,
RT_AL_02_14489830,defect,porosity,3,porosity,False,quota_not_selected,False,pass,
RT_AL_02_14489833,defect,porosity,5,porosity,False,quota_not_selected,False,pass,
RT_AL_02_14489836,defect,porosity,1,porosity,True,,False,pass,test
RT_AL_02_14489844,defect,porosity,1,porosity,False,quota_not_selected,False,pass,
RT_AL_02_14489865,defect,porosity,12,porosity,False,quota_not_selected,False,pass,
RT_AL_02_14489871,defect,porosity,2,porosity,False,quota_not_selected,False,pass,
RT_AL_02_14489881,defect,porosity,1,porosity,True,,False,pass,train
RT_AL_02_14489882,defect,porosity,2,porosity,False,quota_not_selected,False,pass,
RT_AL_02_14489886,defect,porosity,1,porosity,True,,False,pass,train
RT_AL_02_14489897,defect,porosity,1,porosity,True,,False,pass,train
RT_AL_02_14489951,defect,porosity,2,porosity,True,,False,pass,train
RT_AL_02_14489952,defect,porosity,2,porosity,True,,False,pass,train
RT_AL_02_14490003,defect,porosity,4,porosity,True,,False,pass,train
RT_AL_02_14490016,defect,porosity,17,porosity,True,,False,pass,train
RT_AL_02_14490020,defect,porosity,2,porosity,True,,False,pass,train
RT_AL_02_14490021,defect,porosity,1,porosity,False,quota_not_selected,False,pass,
RT_AL_02_14490057,defect,porosity,1,porosity,True,,False,pass,train
RT_AL_02_14490058,defect,porosity,7,porosity,False,quota_not_selected,False,pass,
RT_AL_02_14490082,defect,porosity,4,porosity,False,quota_not_selected,False,pass,
RT_AL_02_14490096,defect,porosity,2,porosity,False,quota_not_selected,False,pass,
RT_AL_02_14490099,defect,porosity,1,porosity,False,quota_not_selected,False,pass,
RT_AL_02_14490104,defect,porosity,2,porosity,False,quota_not_selected,False,pass,
RT_AL_02_14490110,defect,porosity,1,porosity,True,,False,pass,val
RT_AL_02_14490112,defect,porosity,1,porosity,False,quota_not_selected,False,pass,
RT_AL_02_14490114,defect,porosity,1,porosity,False,quota_not_selected,False,pass,
RT_AL_02_14490117,defect,porosity,2,porosity,False,quota_not_selected,False,pass,
RT_AL_02_14490120,defect,porosity,1,porosity,True,,False,pass,train
RT_AL_02_14490143,defect,porosity,1,porosity,True,,False,pass,train
RT_AL_02_14490151,defect,porosity,2,porosity,True,,False,pass,train
RT_AL_02_14490164,defect,porosity,1,porosity,True,,False,pass,train
RT_AL_02_14490169,defect,porosity,2,porosity,False,quota_not_selected,False,pass,
RT_AL_02_14490170,defect,porosity,6,porosity,True,,False,pass,train
RT_AL_02_14490182,defect,porosity,1,porosity,False,quota_not_selected,False,pass,
RT_AL_02_14490188,defect,porosity,1,porosity,True,,False,pass,test
RT_AL_02_14490193,defect,porosity,1,porosity,True,,False,pass,val
RT_AL_02_14490203,defect,porosity,1,porosity,False,quota_not_selected,False,pass,
RT_AL_02_14490210,defect,porosity,3,porosity,False,quota_not_selected,False,pass,
RT_AL_02_14490217,defect,porosity,3,porosity,True,,False,pass,train
RT_AL_02_14490230,defect,porosity,1,porosity,False,quota_not_selected,False,pass,
RT_AL_02_14490231,defect,porosity,4,porosity,False,quota_not_selected,False,pass,
RT_AL_02_14490235,defect,porosity,3,porosity,False,quota_not_selected,False,pass,
RT_AL_02_14490238,defect,porosity,2,porosity,True,,False,pass,train
RT_AL_02_14490269,defect,porosity,3,porosity,False,quota_not_selected,False,pass,
RT_AL_02_14490275,defect,porosity,3,porosity,False,quota_not_selected,False,pass,
RT_AL_02_14490276,defect,porosity,12,porosity,False,quota_not_selected,False,pass,
RT_AL_04_14489008,defect,lack_of_fusion,1,excluded,False,non_target_class,False,pass,
RT_AL_04_14491344,defect,lack_of_fusion,1,excluded,False,non_target_class,False,pass,
RT_AL_04_14491365,defect,lack_of_fusion,1,excluded,False,non_target_class,False,pass,
RT_AL_04_14491380,defect,lack_of_fusion,1,excluded,False,non_target_class,False,pass,
RT_AL_04_14491398,defect,lack_of_fusion,2,excluded,False,non_target_class,False,pass,
RT_AL_04_14491400,defect,lack_of_fusion,2,excluded,False,non_target_class,False,pass,
RT_AL_04_14491477,defect,lack_of_fusion,1,excluded,False,non_target_class,False,pass,
RT_AL_04_14491478,defect,lack_of_fusion,1,excluded,False,non_target_class,False,pass,
RT_AL_04_14491507,defect,lack_of_fusion,1,excluded,False,non_target_class,False,pass,
RT_AL_04_14491541,defect,lack_of_fusion,2,excluded,False,non_target_class,False,pass,
RT_AL_04_14491544,defect,lack_of_fusion,2,excluded,False,non_target_class,False,pass,
RT_AL_04_14491596,defect,lack_of_fusion,1,excluded,False,non_target_class,False,pass,
RT_AL_04_14491603,defect,lack_of_fusion,1,excluded,False,non_target_class,False,pass,
RT_AL_04_14491618,defect,lack_of_fusion,1,excluded,False,non_target_class,False,pass,
RT_AL_04_14491619,defect,lack_of_fusion,1,excluded,False,non_target_class,False,pass,
RT_AL_04_14491626,defect,lack_of_fusion,1,excluded,False,non_target_class,False,pass,
RT_AL_04_14491644,defect,lack_of_fusion,2,excluded,False,non_target_class,False,pass,
RT_AL_04_14491645,defect,lack_of_fusion,1,excluded,False,non_target_class,False,pass,
RT_AL_04_14491687,defect,lack_of_fusion,2,excluded,False,non_target_class,False,pass,
RT_AL_04_14491726,defect,lack_of_fusion,1,excluded,False,non_target_class,False,pass,
RT_AL_04_14491758,defect,lack_of_fusion,1,excluded,False,non_target_class,False,pass,
RT_AL_04_14491809,defect,lack_of_fusion,1,excluded,False,non_target_class,False,pass,
RT_AL_04_14491834,defect,lack_of_fusion,2,excluded,False,non_target_class,False,pass,
RT_AL_04_14491854,defect,lack_of_fusion,2,excluded,False,non_target_class,False,pass,
RT_AL_04_14491867,defect,lack_of_fusion,2,excluded,False,non_target_class,False,pass,
RT_AL_04_14491903,defect,lack_of_fusion,1,excluded,False,non_target_class,False,pass,
RT_AL_04_14491906,defect,lack_of_fusion,1,excluded,False,non_target_class,False,pass,
RT_AL_04_14491907,defect,lack_of_fusion,2,excluded,False,non_target_class,False,pass,
RT_AL_04_14491910,defect,lack_of_fusion,1,excluded,False,non_target_class,False,pass,
RT_AL_04_14491913,defect,lack_of_fusion,1,excluded,False,non_target_class,False,pass,
RT_AL_05_14488170,defect,slag_inclusion,1,slag_inclusion,True,,False,pass,val
RT_AL_05_14488639,defect,slag_inclusion,1,slag_inclusion,False,quota_not_selected,False,pass,
RT_AL_05_14488931,defect,slag_inclusion,1,slag_inclusion,True,,False,pass,test
RT_AL_05_14489809,defect,slag_inclusion,4,slag_inclusion,True,,False,pass,train
RT_AL_05_14489815,defect,slag_inclusion,1,slag_inclusion,True,,False,pass,test
RT_AL_05_14489913,defect,slag_inclusion,1,slag_inclusion,True,,False,pass,test
RT_AL_05_14490949,defect,slag_inclusion,1,slag_inclusion,True,,False,pass,val
RT_AL_05_14491963,defect,slag_inclusion,1,slag_inclusion,True,,False,pass,val
RT_AL_05_14491964,defect,slag_inclusion,2,slag_inclusion,True,,False,pass,train
RT_AL_05_14491965,defect,slag_inclusion,4,slag_inclusion,True,,False,pass,train
RT_AL_05_14491968,defect,slag_inclusion,2,slag_inclusion,True,,False,pass,test
RT_AL_05_14491979,defect,slag_inclusion,1,slag_inclusion,True,,False,pass,train
RT_AL_05_14491981,defect,slag_inclusion,2,slag_inclusion,True,,False,pass,val
RT_AL_05_14491986,defect,slag_inclusion,2,slag_inclusion,True,,False,pass,train
RT_AL_05_14491992,defect,slag_inclusion,2,slag_inclusion,False,quota_not_selected,False,pass,
RT_AL_05_14492002,defect,slag_inclusion,1,slag_inclusion,True,,False,pass,train
RT_AL_05_14492008,defect,slag_inclusion,3,slag_inclusion,True,,False,pass,train
RT_AL_05_14492028,defect,slag_inclusion,4,slag_inclusion,True,,False,pass,val
RT_AL_05_14492092,defect,slag_inclusion,1,slag_inclusion,False,quota_not_selected,False,pass,
RT_AL_05_14492104,defect,slag_inclusion,3,slag_inclusion,False,quota_not_selected,False,pass,
RT_AL_05_14492106,defect,slag_inclusion,1,slag_inclusion,False,quota_not_selected,False,pass,
RT_AL_05_14492118,defect,slag_inclusion,4,slag_inclusion,True,,False,pass,train
RT_AL_05_14492130,defect,slag_inclusion,5,slag_inclusion,True,,False,pass,train
RT_AL_05_14492133,defect,slag_inclusion,4,slag_inclusion,True,,False,pass,train
RT_AL_05_14492141,defect,slag_inclusion,2,slag_inclusion,True,,False,pass,train
RT_AL_05_14492160,defect,slag_inclusion,1,slag_inclusion,True,,False,pass,train
RT_AL_05_14492165,defect,slag_inclusion,1,slag_inclusion,True,,False,pass,train
RT_AL_05_14492170,defect,slag_inclusion,1,slag_inclusion,True,,False,pass,train
RT_AL_05_14492178,defect,slag_inclusion,4,slag_inclusion,True,,False,pass,train
RT_AL_05_14492184,defect,slag_inclusion,1,slag_inclusion,True,,False,pass,train
RT_AL_05_14492191,defect,slag_inclusion,1,slag_inclusion,True,,False,pass,val
RT_AL_05_14492199,defect,slag_inclusion,2,slag_inclusion,True,,False,pass,test
RT_AL_05_14492206,defect,slag_inclusion,1,slag_inclusion,False,quota_not_selected,False,pass,
RT_AL_05_14492209,defect,slag_inclusion,3,slag_inclusion,False,quota_not_selected,False,pass,
RT_AL_05_14492223,defect,slag_inclusion,5,slag_inclusion,True,,False,pass,train
RT_AL_05_14492250,defect,slag_inclusion,2,slag_inclusion,True,,False,pass,train
RT_AL_05_14492254,defect,slag_inclusion,1,slag_inclusion,False,quota_not_selected,False,pass,
RT_AL_05_14492255,defect,slag_inclusion,1,slag_inclusion,False,quota_not_selected,False,pass,
RT_AL_05_14492256,defect,slag_inclusion,3,slag_inclusion,True,,False,pass,train
RT_AL_05_14492260,defect,slag_inclusion,1,slag_inclusion,True,,False,pass,train
RT_AL_05_14492267,defect,slag_inclusion,2,slag_inclusion,False,quota_not_selected,False,pass,
RT_AL_05_14492277,defect,slag_inclusion,2,slag_inclusion,True,,False,pass,val
RT_AL_05_14492280,defect,slag_inclusion,1,slag_inclusion,True,,False,pass,train
RT_AL_05_14492285,defect,slag_inclusion,3,slag_inclusion,True,,False,pass,train
RT_AL_05_14492310,defect,slag_inclusion,3,slag_inclusion,True,,False,pass,train
RT_AL_05_14492353,defect,slag_inclusion,3,slag_inclusion,True,,False,pass,train
RT_AL_05_14492380,defect,slag_inclusion,1,slag_inclusion,True,,False,pass,test
RT_AL_05_14492383,defect,slag_inclusion,1,slag_inclusion,False,quota_not_selected,False,pass,
RT_AL_05_14492388,defect,slag_inclusion,2,slag_inclusion,False,quota_not_selected,False,pass,
RT_AL_05_14492389,defect,slag_inclusion,3,slag_inclusion,True,,False,pass,train
RT_AL_05_14492395,defect,slag_inclusion,2,slag_inclusion,True,,False,pass,train
RT_AL_05_14492419,defect,slag_inclusion,3,slag_inclusion,True,,False,pass,train
RT_AL_05_14492425,defect,slag_inclusion,4,slag_inclusion,True,,False,pass,train
RT_AL_05_14492428,defect,slag_inclusion,2,slag_inclusion,True,,False,pass,train
RT_AL_05_14492472,defect,slag_inclusion,4,slag_inclusion,True,,False,pass,train
RT_AL_05_14492493,defect,slag_inclusion,5,slag_inclusion,True,,False,pass,test
RT_AL_05_14492527,defect,slag_inclusion,3,slag_inclusion,True,,False,pass,train
RT_AL_05_14492547,defect,slag_inclusion,3,slag_inclusion,True,,False,pass,train
RT_AL_05_14492553,defect,slag_inclusion,3,slag_inclusion,False,quota_not_selected,False,pass,
RT_AL_05_14492576,defect,slag_inclusion,2,slag_inclusion,True,,False,pass,test
RT_AL_05_14492603,defect,slag_inclusion,1,slag_inclusion,True,,False,pass,train
RT_AL_05_14492608,defect,slag_inclusion,1,slag_inclusion,True,,False,pass,train
RT_AL_05_14492632,defect,slag_inclusion,1,slag_inclusion,True,,False,pass,test
RT_AL_05_14492647,defect,slag_inclusion,1,slag_inclusion,True,,False,pass,train
RT_AL_05_14492668,defect,slag_inclusion,2,slag_inclusion,True,,False,pass,train
RT_AL_05_14492681,defect,slag_inclusion,3,slag_inclusion,True,,False,pass,train
RT_AL_05_14492700,defect,slag_inclusion,1,slag_inclusion,True,,False,pass,train
RT_AL_05_14492706,defect,slag_inclusion,2,slag_inclusion,True,,False,pass,train
RT_AL_05_14492741,defect,slag_inclusion,3,slag_inclusion,True,,False,pass,test
RT_AL_05_14492745,defect,slag_inclusion,1,slag_inclusion,True,,False,pass,test
RT_AL_05_14492752,defect,slag_inclusion,1,slag_inclusion,True,,False,pass,train
RT_AL_05_14492773,defect,slag_inclusion,2,slag_inclusion,True,,False,pass,train
RT_AL_05_14492794,defect,slag_inclusion,1,slag_inclusion,False,quota_not_selected,False,pass,
RT_AL_05_14492806,defect,slag_inclusion,2,slag_inclusion,True,,False,pass,train
RT_AL_05_14492843,defect,slag_inclusion,1,slag_inclusion,True,,False,pass,test
RT_AL_05_14492845,defect,slag_inclusion,5,slag_inclusion,True,,False,pass,train
RT_AL_05_14492847,defect,slag_inclusion,1,slag_inclusion,True,,False,pass,train
RT_AL_05_14492884,defect,slag_inclusion,1,slag_inclusion,True,,False,pass,val
RT_AL_05_14492886,defect,slag_inclusion,1,slag_inclusion,True,,False,pass,train
RT_AL_05_14492906,defect,slag_inclusion,1,slag_inclusion,True,,False,pass,train
RT_AL_05_14492910,defect,slag_inclusion,3,slag_inclusion,True,,False,pass,train
RT_AL_05_14492914,defect,slag_inclusion,4,slag_inclusion,False,quota_not_selected,False,pass,
RT_AL_05_14492954,defect,slag_inclusion,1,slag_inclusion,True,,False,pass,train
RT_AL_05_14492977,defect,slag_inclusion,2,slag_inclusion,True,,False,pass,train
RT_AL_05_14493018,defect,slag_inclusion,1,slag_inclusion,True,,False,pass,train
RT_AL_05_14493029,defect,slag_inclusion,1,slag_inclusion,True,,False,pass,train
RT_AL_05_14493049,defect,slag_inclusion,1,slag_inclusion,True,,False,pass,val
RT_AL_05_14493055,defect,slag_inclusion,1,slag_inclusion,False,quota_not_selected,False,pass,
RT_AL_05_14493059,defect,slag_inclusion,1,slag_inclusion,True,,False,pass,train
RT_AL_05_14493063,defect,slag_inclusion,1,slag_inclusion,True,,False,pass,train
RT_AL_05_14493068,defect,slag_inclusion,1,slag_inclusion,True,,False,pass,train
RT_AL_05_14493074,defect,slag_inclusion,1,slag_inclusion,True,,False,pass,train
RT_AL_05_14493100,defect,slag_inclusion,3,slag_inclusion,True,,False,pass,test
RT_AL_05_14493112,defect,slag_inclusion,1,slag_inclusion,True,,False,pass,train
RT_AL_05_14493120,defect,slag_inclusion,2,slag_inclusion,True,,False,pass,train
RT_AL_05_14493125,defect,slag_inclusion,1,slag_inclusion,False,quota_not_selected,False,pass,
RT_AL_05_14493131,defect,slag_inclusion,1,slag_inclusion,True,,False,pass,train
RT_AL_05_14493170,defect,slag_inclusion,1,slag_inclusion,True,,False,pass,train
RT_AL_05_14493196,defect,slag_inclusion,3,slag_inclusion,True,,False,pass,train
RT_AL_05_14493204,defect,slag_inclusion,1,slag_inclusion,True,,False,pass,val
RT_AL_05_14493218,defect,slag_inclusion,2,slag_inclusion,True,,False,pass,train
RT_AL_05_14493241,defect,slag_inclusion,1,slag_inclusion,True,,False,pass,val
RT_AL_05_14493244,defect,slag_inclusion,4,slag_inclusion,True,,False,pass,test
RT_AL_05_14493264,defect,slag_inclusion,1,slag_inclusion,True,,False,pass,test
RT_AL_05_14493280,defect,slag_inclusion,4,slag_inclusion,True,,False,pass,train
RT_AL_05_14493285,defect,slag_inclusion,3,slag_inclusion,False,quota_not_selected,False,pass,
RT_AL_05_14493287,defect,slag_inclusion,2,slag_inclusion,True,,False,pass,val
RT_AL_05_14493291,defect,slag_inclusion,5,slag_inclusion,False,quota_not_selected,False,pass,
RT_AL_05_14493312,defect,slag_inclusion,1,slag_inclusion,True,,False,pass,train
RT_AL_05_14493316,defect,slag_inclusion,2,slag_inclusion,False,quota_not_selected,False,pass,
RT_AL_05_14493327,defect,slag_inclusion,1,slag_inclusion,True,,False,pass,train
RT_AL_05_14493341,defect,slag_inclusion,2,slag_inclusion,True,,False,pass,train
RT_AL_05_14493343,defect,slag_inclusion,2,slag_inclusion,True,,False,pass,val
RT_AL_05_14493351,defect,slag_inclusion,1,slag_inclusion,True,,False,pass,train
RT_AL_05_14493373,defect,slag_inclusion,1,slag_inclusion,True,,False,pass,train
RT_AL_05_14493376,defect,slag_inclusion,4,slag_inclusion,True,,False,pass,train
RT_AL_05_14493380,defect,slag_inclusion,1,slag_inclusion,True,,False,pass,test
RT_AL_05_14493381,defect,slag_inclusion,1,slag_inclusion,True,,False,pass,val
RT_AL_05_14493390,defect,slag_inclusion,1,slag_inclusion,True,,False,pass,train
